start,end,WSAID,fid,Catch_ID,Area (m2)
"1978","2019","1000",,,
"1997","2019","1001",,,
"1978","2005","1002",,,
"1978","2005","1003",,,
"1978","2019","1004",,,
"1978","2019","1005",,,
"1978","2019","1006",,,
"1978","2019","1007",,,
"1978","2019","1008",,,
"2007","2019","1009",,,
"1978","2019","1010",,,
"2005","2019","1011",,,
"1978","1991","1012",,,
"1978","1991","1013",,,
"1978","1986","1014",,,
"1978","2019","1015",,,
"2011","2019","1016",,,
"1978","2019","1017",,,
"1978","2006","1018",,,
"2002","2019","1019",,,
"1978","2019","1020",,,
"1978","2019","1021",,,
"2005","2019","1022",,,
"1996","1999","1023",,,
"1978","2019","1024",,,
"1978","2019","1025",,,
"1999","2019","1026",,,
"1978","2019","1027",,,
"1978","2019","1028",,,
"1978","2019","1029",,,
"1978","2019","1030",,,
"2010","2019","1031",,,
"1978","2019","1032",,,
"1978","2019","1033",,,
"1978","2019","1034",,,
"1978","2019","1035",,,
"1978","2019","1036",,,
"1978","2019","1037",,,
"2007","2019","1038",,,
"1994","2019","1039","5454","30","48630775"
"1978","2019","1040","5454","30","48630775"
"1978","2019","1041","5454","30","48630775"
"1978","2019","1042","5454","30","48630775"
"1978","2019","1043","5447","23","40053906"
"2009","2019","1044","5454","30","48630775"
"1978","2019","1045","5454","30","48630775"
"1978","2005","1046","5437","20","182281273"
"1978","2019","1047",,,
"1978","2019","1048",,,
"1978","2019","1049","5449","25","192314064"
"1978","2019","1050","5437","20","182281273"
"1978","2019","1051",,,
"1978","2019","1052","5437","20","182281273"
"1978","2019","1053",,,
"1978","2019","1054","5437","20","182281273"
"1978","2019","1055","5437","20","182281273"
"1978","2019","1056",,,
"1978","2019","1057",,,
"1978","2019","1058",,,
"1978","2005","1059",,,
"1978","2019","1060",,,
"2017","2019","1061","5437","20","182281273"
"1995","2019","1062","5409","3","139138109"
"1978","2019","1063","5409","3","139138109"
"1978","2019","1064","5452","28","24089212"
"1978","2019","1065","5452","28","24089212"
"2007","2019","1066",,,
"2005","2019","1067",,,
"1978","1996","1068",,,
"1978","2019","1069",,,
"1978","2019","1070",,,
"1978","2019","1071",,,
"1978","2019","1072",,,
"1978","2019","1073",,,
"1978","2019","1074",,,
"1978","2019","1075",,,
"1978","2019","1076",,,
"1978","2019","1077",,,
"1978","2019","1078",,,
"2006","2019","1079",,,
"2003","2019","1080",,,
"1978","2019","1081",,,
"1978","2019","1082",,,
"2000","2019","1083",,,
"1990","2019","1084",,,
"1978","2019","1085",,,
"1978","2019","1086",,,
"1978","2019","1087",,,
"1978","2019","1088",,,
"1978","2019","1089",,,
"1978","2019","1090",,,
"1978","2019","1091",,,
"1978","2019","1092",,,
"1978","2019","1093",,,
"1978","2019","1094",,,
"1988","2019","1095",,,
"1978","2019","1096",,,
"1978","2019","1097",,,
"1978","2019","1098",,,
"1978","2019","1099",,,
"1978","2019","1100",,,
"1978","2019","1101",,,
"1978","2019","1102",,,
"1978","2019","1103",,,
"1978","2019","1104",,,
"1978","2019","1105",,,
"1978","2019","1106",,,
"1978","2019","1107",,,
"1978","2019","1108",,,
"2002","2019","1109",,,
"1978","2019","1110",,,
"1999","2019","1111",,,
"1978","2019","1112",,,
"1978","2019","1113",,,
"1978","2019","1114",,,
"1978","2019","1115",,,
"1978","2019","1116",,,
"1978","2019","1117",,,
"1978","2019","1118",,,
"2004","2019","1119",,,
"1978","2019","1120",,,
"1978","2019","1121",,,
"1978","2019","1122",,,
"1978","2019","1123",,,
"1978","2019","1124",,,
"1978","2019","1125",,,
"1978","2019","1126",,,
"1978","2019","1127",,,
"1978","2019","1128",,,
"1978","2019","1129",,,
"1978","2019","1130",,,
"1978","2019","1131",,,
"2005","2019","1132",,,
"1978","2019","1133",,,
"1978","2019","1134",,,
"1978","2019","1135",,,
"2010","2019","1136",,,
"1978","2019","1137",,,
"1978","2019","1138",,,
"1978","2019","1139",,,
"1978","2019","1140",,,
"1978","2019","1141",,,
"1978","2019","1142",,,
"1978","2019","1143",,,
"1978","2019","1144",,,
"1978","2019","1145",,,
"1978","2019","1146",,,
"1978","2019","1147",,,
"1978","2019","1148",,,
"1978","2019","1149",,,
"1978","2019","1150",,,
"1978","1997","1151",,,
"1978","2019","1152",,,
"1978","2019","1153",,,
"1978","2019","1154",,,
"1978","2019","1155",,,
"1978","2019","1156",,,
"1978","2019","1157",,,
"2007","2019","1158",,,
"1978","2019","1159",,,
"1978","2019","1160",,,
"1978","2019","1161",,,
"1978","2019","1162",,,
"1991","2019","1163",,,
"1978","2019","1164",,,
"1978","2019","1165",,,
"2002","2019","1166",,,
"1978","2019","1167",,,
"1978","2019","1168",,,
"1978","2019","1169",,,
"1978","2019","1170",,,
"1978","2019","1171",,,
"1978","2019","1172",,,
"1978","2019","1173",,,
"1978","2019","1174",,,
"1978","2019","1175",,,
"1978","2019","1176",,,
"1978","2019","1177",,,
"1978","2019","1178",,,
"1978","2019","1179",,,
"1978","2019","1180",,,
"1978","2019","1181",,,
"1978","2019","1182",,,
"1978","2019","1183",,,
"1978","2019","1184",,,
"2012","2019","1185",,,
"1978","2019","1186",,,
"1978","2019","1187",,,
"1978","2019","1188",,,
"1978","2019","1189",,,
"1978","2019","1190",,,
"2005","2019","1191",,,
"1978","2019","1192",,,
"1978","2019","1193",,,
"1978","2019","1194",,,
"1978","2019","1195",,,
"1978","2019","1196",,,
"1978","2019","1197",,,
"1978","2019","1198",,,
"1978","2019","1199",,,
"1978","2019","1200",,,
"1978","2019","1201",,,
"1978","2019","1202",,,
"1978","2019","1203",,,
"1978","2019","1204",,,
"1978","2019","1205",,,
"1978","2019","1206",,,
"1978","2019","1207",,,
"1978","2001","1208",,,
"1978","2019","1209",,,
"1978","2019","1210",,,
"1978","2019","1211",,,
"1978","2019","1212",,,
"1978","2019","1213",,,
"1978","2019","1214",,,
"1978","2001","1215",,,
"1978","2019","1216",,,
"1978","2019","1217",,,
"1978","2019","1218",,,
"1978","2019","1219",,,
"1978","2019","1220",,,
"1978","2019","1221",,,
"1978","2019","1222",,,
"1978","2019","1223",,,
"1978","2019","1224",,,
"2002","2019","1225",,,
"1978","2019","1226",,,
"1978","2019","1227",,,
"1978","2019","1228",,,
"1978","2019","1229",,,
"1978","2019","1230",,,
"1978","2019","1231",,,
"1978","2019","1232",,,
"1978","2019","1233",,,
"2000","2019","1234",,,
"1978","2019","1235",,,
"1978","2019","1236",,,
"1978","2019","1237",,,
"1978","2019","1238",,,
"1978","2019","1239",,,
"1978","2019","1240",,,
"1978","2019","1241",,,
"2000","2019","1242",,,
"1993","2000","1243",,,
"1978","2019","1244",,,
"1978","2019","1245",,,
"1983","2019","1246",,,
"1978","2019","1247",,,
"1978","2019","1248",,,
"1978","2019","1249",,,
"1978","2019","1250",,,
"1978","2019","1251",,,
"1978","2019","1252",,,
"1978","2019","1253",,,
"1978","2019","1254",,,
"1978","2019","1255",,,
"2003","2019","1256",,,
"1978","2019","1257",,,
"1978","2019","1258",,,
"1978","2019","1259",,,
"1978","2019","1260",,,
"1978","2019","1261",,,
"1978","2019","1262",,,
"1978","2019","1263",,,
"1978","2019","1264",,,
"1978","2019","1265",,,
"1978","2019","1266",,,
"1978","2019","1267",,,
"1978","2019","1268",,,
"1978","2019","1269",,,
"1978","2019","1270",,,
"1978","2019","1271",,,
"2008","2019","1272",,,
"1978","2019","1273",,,
"1978","2019","1274",,,
"1978","2019","1275",,,
"2003","2019","1276",,,
"1995","2019","1277",,,
"1999","2019","1278",,,
"1978","2019","1279",,,
"1978","2019","1280",,,
"1978","2019","1281",,,
"1978","2019","1282",,,
"1997","2019","1283",,,
"1978","2019","1284",,,
"1978","2019","1285",,,
"1995","2019","1286",,,
"1987","2019","1287",,,
"1978","2019","1288",,,
"1978","2019","1289",,,
"1978","2019","1290",,,
"1978","2019","1291",,,
"1978","2019","1292",,,
"1978","2019","1293",,,
"1978","2019","1294",,,
"1978","2019","1295",,,
"1978","2019","1296",,,
"1978","2019","1297",,,
"1989","2019","1298",,,
"1978","2019","1299",,,
"1998","2019","1300",,,
"1978","2019","1301",,,
"1978","2019","1302",,,
"1978","2019","1303",,,
"1978","2019","1304",,,
"1978","2019","1305",,,
"1978","2019","1306",,,
"1978","2019","1307",,,
"1978","2019","1308",,,
"1978","2019","1309",,,
"1978","2019","1310",,,
"1978","2019","1311",,,
"2007","2019","1312",,,
"1978","2019","1313",,,
"1978","2019","1314",,,
"1978","2019","1315",,,
"1978","2019","1316",,,
"1978","2019","1317",,,
"1978","2019","1318",,,
"1978","2019","1319",,,
"1978","2019","1320",,,
"1978","2019","1321",,,
"1978","2019","1322",,,
"1978","2019","1323",,,
"1994","2019","1324",,,
"1978","2019","1325",,,
"1978","2019","1326",,,
"1978","2019","1327",,,
"1978","2019","1328",,,
"1978","2019","1329",,,
"1978","2019","1330",,,
"1978","2019","1331",,,
"1978","2019","1332",,,
"1978","2019","1333",,,
"1978","2019","1334",,,
"2004","2019","1335",,,
"1978","2019","1336",,,
"1994","2019","1337",,,
"1978","2019","1338",,,
"1978","2019","1339",,,
"1978","2019","1340",,,
"2006","2016","1341",,,
"1978","2019","1342",,,
"1978","2019","1343",,,
"1978","2019","1344",,,
"1978","2019","1345",,,
"1978","2010","1346",,,
"1978","2019","1347",,,
"1978","2019","1348",,,
"1978","2019","1349",,,
"1978","2019","1350",,,
"1978","2019","1351",,,
"1978","2019","1352",,,
"1978","2019","1353",,,
"1978","2019","1354",,,
"1978","2019","1355",,,
"1978","2019","1356",,,
"1978","2019","1357",,,
"1978","2019","1358",,,
"1978","2019","1359",,,
"1978","2019","1360",,,
"1978","2019","1361",,,
"1978","2019","1362",,,
"1978","2019","1363",,,
"1978","2019","1364",,,
"1978","2019","1365",,,
"1978","2019","1366",,,
"1978","2019","1367",,,
"1978","2019","1368",,,
"1978","2019","1369",,,
"1978","2019","1370",,,
"1978","2019","1371",,,
"1978","2019","1372",,,
"1978","2019","1373",,,
"1978","2019","1374",,,
"1978","2019","1375",,,
"1978","2019","1376",,,
"1978","2019","1377",,,
"1978","2019","1378",,,
"1978","2019","1379",,,
"1978","2019","1380",,,
"1978","2019","1381",,,
"1978","2019","1382",,,
"1978","2019","1383",,,
"1978","2019","1384",,,
"1978","2019","1385",,,
"1978","2019","1386",,,
"1978","2019","1387",,,
"1978","2019","1388",,,
"1978","2019","1389",,,
"1978","2019","1390",,,
"1978","2019","1391",,,
"1978","2019","1392",,,
"1978","1994","1393",,,
"1978","2019","1394",,,
"1978","2019","1395",,,
"1978","2019","1396",,,
"1978","2019","1397",,,
"1978","2019","1398",,,
"1978","2019","1399",,,
"1978","2019","1400",,,
"1978","2019","1401",,,
"1978","2019","1402",,,
"1978","2019","1403",,,
"1978","2019","1404",,,
"1978","2019","1405",,,
"1978","2019","1406",,,
"1978","2019","1407",,,
"1978","2019","1408",,,
"1978","2019","1409",,,
"1978","2019","1410",,,
"1978","2019","1411",,,
"1978","2019","1412",,,
"1978","2019","1413",,,
"1978","2019","1414",,,
"1978","2019","1415",,,
"1978","2019","1416",,,
"1978","2019","1417",,,
"1978","2019","1418",,,
"2007","2019","1419",,,
"1978","2019","1420",,,
"2001","2019","1421",,,
"1978","2019","1422",,,
"1978","2019","1423",,,
"2004","2019","1424",,,
"1978","2019","1425",,,
"1978","2019","1426",,,
"1978","2019","1427",,,
"1996","2019","1428",,,
"1978","2019","1429",,,
"1978","2019","1430",,,
"1978","2019","1431",,,
"1978","2019","1432",,,
"1978","2019","1433",,,
"1978","2019","1434",,,
"1978","2019","1435",,,
"1978","2019","1436",,,
"1978","2019","1437",,,
"1978","2019","1438",,,
"2006","2019","1439",,,
"1978","2019","1440",,,
"1978","2019","1441",,,
"1978","2019","1442",,,
"1978","2019","1443",,,
"2010","2010","1444",,,
"1978","2019","1445",,,
"1978","2019","1446",,,
"1978","2019","1447",,,
"1978","2019","1448",,,
"1978","2019","1449",,,
"2006","2019","1450",,,
"1998","1999","1451",,,
"1978","2019","1452",,,
"1978","2019","1453",,,
"1978","2019","1454",,,
"2007","2019","1455",,,
"1978","2019","1456",,,
"1978","2019","1457",,,
"1978","2019","1458",,,
"1978","2019","1459",,,
"1978","2019","1460",,,
"1978","2019","1461",,,
"1978","2019","1462",,,
"1978","2019","1463",,,
"1978","2019","1464",,,
"1978","2019","1465",,,
"1978","2012","1466",,,
"1978","2019","1467",,,
"1997","2012","1468",,,
"1978","2019","1469",,,
"1978","2019","1470",,,
"1978","2019","1471",,,
"1978","2019","1472",,,
"1978","2019","1473",,,
"1978","2019","1474",,,
"1992","2019","1475",,,
"1978","2019","1476",,,
"1978","2019","1477",,,
"1978","2019","1478",,,
"1978","2019","1479",,,
"1978","2019","1480",,,
"2007","2019","1481",,,
"2016","2019","1482",,,
"1978","2019","1483",,,
"1978","2019","1484",,,
"1978","2019","1485",,,
"1978","2019","1486",,,
"2000","2019","1487",,,
"1985","2019","1488",,,
"1978","2019","1489",,,
"1978","2019","1490",,,
"1993","2019","1491",,,
"1978","2019","1492",,,
"1978","2019","1493",,,
"1978","2019","1494",,,
"1978","2019","1495",,,
"1978","2019","1496",,,
"1978","2019","1497",,,
"1978","2019","1498",,,
"1978","2019","1499",,,
"2012","2019","1500",,,
"1996","2019","1501",,,
"2013","2019","1502",,,
"1996","2019","1503",,,
"1978","2019","1504",,,
"1978","2019","1505",,,
"1978","2019","1506",,,
"1978","2019","1507",,,
"1978","2019","1508",,,
"1978","2019","1509",,,
"1978","2019","1510",,,
"1978","2019","1511",,,
"1998","2019","1512",,,
"1978","2019","1513",,,
"1978","2019","1514",,,
"1978","2019","1515",,,
"1978","2019","1516",,,
"1978","2019","1517",,,
"1978","2019","1518",,,
"1978","2019","1519",,,
"2013","2019","1520",,,
"1978","2019","1521",,,
"1978","2019","1522",,,
"1978","2019","1523",,,
"1978","2019","1524",,,
"1978","2019","1525",,,
"1978","2019","1526",,,
"1978","2019","1527",,,
"1978","1995","1528",,,
"1978","2019","1529",,,
"1978","2019","1530",,,
"1978","2019","1531",,,
"1978","2019","1532",,,
"1978","2019","1533",,,
"1978","2019","1534",,,
"1978","2019","1535",,,
"1978","2019","1536",,,
"1978","2019","1537",,,
"1978","2019","1538",,,
"2001","2019","1539",,,
"1978","2019","1540",,,
"1978","2019","1541",,,
"1978","2019","1542",,,
"2001","2019","1543",,,
"1978","2019","1544",,,
"1978","2019","1545",,,
"1978","2019","1546",,,
"1978","2019","1547",,,
"1978","2019","1548",,,
"2010","2019","1549",,,
"1978","2019","1550",,,
"1978","2019","1551",,,
"1978","2019","1552",,,
"2002","2019","1553",,,
"1978","2019","1554",,,
"1978","2019","1555",,,
"1978","2019","1556",,,
"1978","2019","1557",,,
"1978","2019","1558",,,
"1978","2019","1559",,,
"2015","2019","1560",,,
"1978","2019","1561",,,
"1978","2019","1562",,,
"1978","2019","1563",,,
"1978","2001","1564",,,
"1978","2019","1565",,,
"1978","2019","1566",,,
"1978","2019","1567",,,
"2002","2019","1568",,,
"1978","2019","1569",,,
"1978","2019","1570",,,
"1978","2010","1571",,,
"1988","2010","1572",,,
"1978","2019","1573",,,
"1978","2019","1574",,,
"1978","2019","1575",,,
"1978","2019","1576",,,
"1978","2019","1577",,,
"1978","2019","1578",,,
"1978","2019","1579",,,
"1978","2019","1580",,,
"1978","2019","1581",,,
"1978","2019","1582",,,
"1978","2019","1583",,,
"1978","2019","1584",,,
"1978","2019","1585",,,
"1978","2019","1586",,,
"1978","2019","1587",,,
"1978","2019","1588",,,
"1989","2019","1589",,,
"1978","2019","1590",,,
"1978","2019","1591",,,
"1978","2019","1592",,,
"1978","2019","1593",,,
"1978","2019","1594",,,
"1978","2019","1595",,,
"1978","2019","1596",,,
"1978","2019","1597",,,
"1978","2019","1598",,,
"1978","2019","1599",,,
"1978","2019","1600",,,
"1978","2019","1601",,,
"1978","2019","1602",,,
"1978","2019","1603",,,
"1978","2019","1604",,,
"1978","2019","1605",,,
"1978","2019","1606",,,
"1978","2019","1607",,,
"1978","2019","1608",,,
"1978","2019","1609",,,
"1978","2019","1610",,,
"1978","2019","1611",,,
"1978","2019","1612",,,
"1978","2019","1613",,,
"1978","2019","1614",,,
"1978","2019","1615",,,
"1978","2019","1616",,,
"1978","2019","1617",,,
"1978","2019","1618",,,
"1978","1981","1619",,,
"1978","2019","1620",,,
"1978","2019","1621",,,
"1978","2019","1622",,,
"1978","2019","1623",,,
"1978","2019","1624",,,
"1978","2019","1625",,,
"1978","2019","1626",,,
"1978","2019","1627",,,
"1978","2019","1628",,,
"1978","2019","1629",,,
"1978","2019","1630",,,
"1978","2019","1631",,,
"1978","2019","1632",,,
"1978","2019","1633",,,
"1978","2019","1634",,,
"1978","2019","1635",,,
"1978","2019","1636",,,
"1978","2019","1637",,,
"1978","2019","1638",,,
"1978","2019","1639",,,
"1978","2019","1640",,,
"1978","2019","1641",,,
"1978","2019","1642",,,
"1978","2019","1643",,,
"1978","2019","1644",,,
"1978","2019","1645",,,
"1978","2019","1646",,,
"1978","2019","1647",,,
"1978","2019","1648",,,
"1978","2019","1649",,,
"1978","2019","1650",,,
"1978","2019","1651",,,
"1978","2019","1652",,,
"1978","2019","1653",,,
"1978","2019","1654",,,
"1978","2019","1655",,,
"1978","2019","1656",,,
"1978","2019","1657",,,
"1978","2019","1658",,,
"1978","2019","1659",,,
"1978","2019","1660",,,
"1978","2019","1661",,,
"1978","2019","1662",,,
"1978","2019","1663",,,
"1978","2019","1664",,,
"1978","2019","1665",,,
"2011","2019","1666",,,
"1978","2019","1667",,,
"1978","2019","1668",,,
"1978","2019","1669",,,
"1978","2019","1670",,,
"1978","2019","1671",,,
"1978","2019","1672",,,
"1978","2019","1673",,,
"1978","2019","1674",,,
"1978","2019","1675",,,
"2001","2019","1676",,,
"1978","2019","1677",,,
"1978","2019","1678",,,
"1978","2019","1679",,,
"1978","2019","1680",,,
"1978","2019","1681",,,
"1978","2019","1682",,,
"1978","2019","1683",,,
"1978","2019","1684",,,
"1978","2019","1685",,,
"1978","2019","1686",,,
"1978","2019","1687",,,
"1978","2019","1688",,,
"1978","2019","1689",,,
"1978","2019","1690",,,
"1978","2019","1691",,,
"1978","2019","1692",,,
"1978","2019","1693",,,
"1978","2019","1694",,,
"1978","2019","1695",,,
"1978","2019","1696",,,
"2005","2019","1697",,,
"2002","2019","1698",,,
"1978","2019","1699",,,
"1978","2019","1700",,,
"1978","2019","1701",,,
"1994","2019","1702",,,
"1978","2019","1703",,,
"1978","2019","1704",,,
"1978","2019","1705",,,
"1978","2019","1706",,,
"1991","2019","1707",,,
"1978","2019","1708",,,
"1978","2019","1709",,,
"1978","2019","1710",,,
"1978","2019","1711",,,
"1978","2019","1712",,,
"1978","2019","1713",,,
"1978","2019","1714",,,
"1978","2019","1715",,,
"1978","2019","1716",,,
"1978","2019","1717",,,
"1978","2019","1718",,,
"1978","2019","1719",,,
"1978","2019","1720",,,
"1978","2019","1721",,,
"1978","2019","1722",,,
"1978","2019","1723",,,
"1978","2019","1724",,,
"2000","2019","1725",,,
"1978","2019","1726",,,
"1978","2019","1727",,,
"1978","2019","1728",,,
"1978","2019","1729",,,
"1978","2019","1730",,,
"1978","2019","1731",,,
"1978","2019","1732",,,
"1978","2019","1733",,,
"1978","2019","1734",,,
"2008","2019","1735",,,
"1978","2019","1736",,,
"1978","2019","1737",,,
"1978","2019","1738",,,
"1978","2019","1739",,,
"1978","2019","1740",,,
"1978","2019","1741",,,
"1978","2019","1742",,,
"1978","2019","1743",,,
"1978","2019","1744",,,
"2002","2019","1745",,,
"1978","2019","1746",,,
"1978","2019","1747",,,
"1997","2009","1748",,,
"1978","2019","1749",,,
"1978","2019","1750",,,
"1978","2019","1751",,,
"1984","2019","1752",,,
"1992","2019","1753",,,
"1978","2019","1754",,,
"2002","2019","1755",,,
"1978","2019","1756",,,
"1978","2019","1757",,,
"1978","2019","1758",,,
"1978","2019","1759",,,
"1978","2019","1760",,,
"1978","2019","1761",,,
"1978","2019","1762",,,
"1978","2019","1763",,,
"2004","2019","1764",,,
"1978","2019","1765",,,
"1978","2019","1766",,,
"1978","2019","1767",,,
"1978","2019","1768",,,
"1993","2019","1769",,,
"1978","2019","1770",,,
"1978","2019","1771",,,
"1978","2019","1772",,,
"1999","2019","1773",,,
"1978","2019","1774",,,
"1978","2019","1775",,,
"1990","2019","1776",,,
"1978","2019","1777",,,
"1978","2019","1778",,,
"1978","2019","1779",,,
"1978","2019","1780",,,
"1978","2019","1781",,,
"2012","2019","1782",,,
"1978","2019","1783",,,
"1978","2019","1784",,,
"1978","2019","1785",,,
"1978","2019","1786",,,
"1978","2019","1787",,,
"1978","2019","1788",,,
"1978","2019","1789",,,
"1978","2019","1790",,,
"1978","2019","1791",,,
"1978","2019","1792",,,
"1978","2019","1793",,,
"1978","2019","1794",,,
"1978","2019","1795",,,
"1978","2019","1796",,,
"1978","2019","1797",,,
"1978","2019","1798",,,
"1978","2019","1799",,,
"1978","2019","1800",,,
"1978","2019","1801",,,
"1978","2019","1802",,,
"1978","2019","1803",,,
"1978","2019","1804",,,
"1978","2019","1805",,,
"1978","2019","1806",,,
"1978","2019","1807",,,
"1978","2019","1808",,,
"1978","2019","1809",,,
"2000","2019","1810",,,
"1991","2017","1811",,,
"1978","2019","1812",,,
"1978","2019","1813",,,
"1978","2019","1814",,,
"1978","2019","1815",,,
"1978","2019","1816",,,
"1978","2019","1817",,,
"1978","2005","1818",,,
"1978","2019","1819",,,
"1978","2019","1820",,,
"1978","2019","1821",,,
"1993","2019","1822",,,
"1978","2019","1823",,,
"1978","2019","1824",,,
"1978","2019","1825",,,
"1978","2019","1826",,,
"1978","2019","1827",,,
"1978","2019","1828",,,
"1978","2019","1829",,,
"1978","2019","1830",,,
"2014","2019","1831",,,
"1978","2019","1832",,,
"1978","2019","1833",,,
"1978","2019","1834",,,
"1978","2019","1835",,,
"1978","2019","1836",,,
"1978","2019","1837",,,
"1978","2019","1838",,,
"1978","2019","1839",,,
"1978","2019","1840",,,
"1978","2019","1841",,,
"1978","2019","1842",,,
"1978","2019","1843",,,
"1978","2019","1844",,,
"1978","2019","1845",,,
"1978","2019","1846",,,
"1978","2019","1847",,,
"1978","2019","1848",,,
"1990","2019","1849",,,
"1978","2019","1850",,,
"1978","2019","1851",,,
"1978","2019","1852",,,
"1978","2019","1853",,,
"1978","2019","1854",,,
"2003","2019","1855",,,
"1978","2019","1856",,,
"1978","2019","1857",,,
"1978","2019","1858",,,
"1978","2019","1859",,,
"1978","2019","1860",,,
"1978","2019","1861",,,
"1978","2019","1862",,,
"2013","2019","1863",,,
"1978","2019","1864",,,
"1978","2019","1865",,,
"1978","2019","1866",,,
"1978","2019","1867",,,
"1978","2019","1868",,,
"1978","2019","1869",,,
"1978","2019","1870",,,
"1978","2019","1871",,,
"1978","2019","1872",,,
"1978","2019","1873",,,
"1978","2019","1874",,,
"1991","2019","1875",,,
"1978","2019","1876",,,
"1978","2019","1877",,,
"1978","2019","1878",,,
"1978","2019","1879",,,
"1978","2019","1880",,,
"1978","2019","1881",,,
"1978","2019","1882",,,
"1978","2019","1883",,,
"2007","2019","1884",,,
"1990","2019","1885",,,
"1978","2019","1886",,,
"1978","2019","1887",,,
"1978","2019","1888",,,
"1978","2019","1889",,,
"1978","2019","1890",,,
"1978","2019","1891",,,
"1978","2019","1892",,,
"1978","2019","1893",,,
"1978","2019","1894",,,
"1985","2019","1895",,,
"1978","2019","1896",,,
"1978","2019","1897",,,
"1978","2019","1898",,,
"1978","2019","1899",,,
"2004","2019","1900",,,
"1993","2001","1901",,,
"1978","2019","1902",,,
"1978","2019","1903",,,
"2010","2019","1904",,,
"1986","2019","1905",,,
"1978","2019","1906",,,
"1978","2019","1907",,,
"1978","2019","1908",,,
"1978","2019","1909",,,
"2003","2019","1910",,,
"1978","2019","1911",,,
"1978","2019","1912",,,
"1978","2019","1913",,,
"1990","2019","1914",,,
"1978","1996","1915",,,
"1978","2019","1916",,,
"1985","2019","1917",,,
"1978","2019","1918",,,
"1978","2019","1919",,,
"1978","2019","1920",,,
"1978","2019","1921",,,
"1978","2019","1922",,,
"1978","2019","1923",,,
"1978","2019","1924",,,
"1978","2019","1925",,,
"1988","2019","1926",,,
"1978","2019","1927",,,
"1978","2019","1928",,,
"2011","2019","1929",,,
"1978","2019","1930",,,
"1978","2019","1931",,,
"1978","2019","1932",,,
"1992","2019","1933",,,
"1978","2019","1934",,,
"1978","2019","1935",,,
"2011","2019","1936",,,
"1978","2019","1937",,,
"1978","2019","1938",,,
"1978","2019","1939",,,
"1978","2019","1940",,,
"1978","2019","1941",,,
"1978","2019","1942",,,
"1978","2019","1943",,,
"1978","2019","1944",,,
"1978","2019","1945",,,
"1978","2019","1946",,,
"1978","2019","1947",,,
"1978","2019","1948",,,
"1978","2019","1949",,,
"1978","2019","1950",,,
"1978","2019","1951",,,
"1995","2019","1952",,,
"1987","2019","1953",,,
"1978","2019","1954",,,
"2009","2019","1955",,,
"1978","2019","1956",,,
"1978","2019","1957",,,
"1978","2019","1958",,,
"2006","2019","1959",,,
"1978","2019","1960",,,
"1978","2019","1961",,,
"1978","2019","1962",,,
"1978","2019","1963",,,
"1978","2019","1964",,,
"1978","2019","1965",,,
"1978","2019","1966",,,
"1978","2019","1967",,,
"1978","2019","1968",,,
"2009","2019","1969",,,
"1978","2019","1970",,,
"1978","2019","1971",,,
"1978","2019","1972",,,
"1978","2019","1973",,,
"1978","2019","1974",,,
"1978","2019","1975",,,
"1978","2019","1976",,,
"1978","2019","1977",,,
"1978","2019","1978",,,
"1993","2019","1979",,,
"1978","2019","1980",,,
"1978","2019","1981",,,
"2005","2019","1982",,,
"1978","2019","1983",,,
"1989","2019","1984",,,
"2002","2019","1985",,,
"1978","2019","1986",,,
"2013","2019","1987",,,
"1978","2019","1988",,,
"1978","2019","1989",,,
"1978","2019","1990",,,
"1978","2019","1991","5438","21","35314390"
"1978","2019","1992",,,
"1978","2019","1993","5438","21","35314390"
"1978","2019","1994",,,
"2000","2019","1995","5438","21","35314390"
"1978","2019","1996",,,
"1978","2019","1997",,,
"1989","2019","1998",,,
"1978","2019","1999",,,
"1994","2019","2000",,,
"1978","2019","2001",,,
"1978","2019","2002",,,
"1978","2019","2003",,,
"1994","2019","2004",,,
"1978","2019","2005",,,
"2011","2019","2006",,,
"1978","2019","2007",,,
"2008","2019","2008","5438","21","35314390"
"1978","2019","2009",,,
"1978","2019","2010",,,
"1978","2019","2011",,,
"1978","2019","2012",,,
"1978","2019","2013",,,
"1978","2019","2014",,,
"1978","2019","2015",,,
"1978","2019","2016",,,
"1978","2019","2017",,,
"1978","2019","2018",,,
"1988","2019","2019",,,
"2017","2019","2020","5437","20","182281273"
"1978","2019","2021","5447","23","40053906"
"1978","2019","2022","5447","23","40053906"
"1978","2019","2023","5455","31","21616136"
"1978","2019","2024","5455","31","21616136"
"1978","2019","2025","5437","20","182281273"
"1978","2019","2026","5437","20","182281273"
"1978","2019","2027","5437","20","182281273"
"1978","2019","2028","5437","20","182281273"
"1992","2019","2029","5437","20","182281273"
"1978","2019","2030","5437","20","182281273"
"1978","2019","2031","5437","20","182281273"
"1978","2019","2032","5437","20","182281273"
"1978","2019","2033","5438","21","35314390"
"1978","2019","2034","5437","20","182281273"
"2010","2019","2035","5437","20","182281273"
"1978","2019","2036",,,
"1978","2019","2037",,,
"1978","2019","2038",,,
"1978","2019","2039",,,
"1978","2019","2040",,,
"1978","2019","2041",,,
"1978","2019","2042",,,
"1978","2019","2043",,,
"1978","2019","2044",,,
"1978","2019","2045",,,
"1978","2019","2046",,,
"1978","2019","2047",,,
"1978","2019","2048",,,
"1978","2019","2049",,,
"1978","2019","2050",,,
"1978","2019","2051",,,
"1978","2019","2052",,,
"1978","2019","2053",,,
"1978","2019","2054",,,
"1978","2019","2055",,,
"1978","2019","2056",,,
"1978","2019","2057",,,
"1978","2019","2058",,,
"1978","2019","2059",,,
"1978","2019","2060",,,
"1978","2019","2061",,,
"1978","2019","2062",,,
"1997","2019","2063",,,
"1978","2016","2064",,,
"1978","2016","2065",,,
"1978","2016","2066",,,
"1978","2016","2067",,,
"1978","2019","2068",,,
"1978","2019","2069",,,
"1978","2019","2070",,,
"1978","2019","2071",,,
"1978","2019","2072",,,
"1978","2019","2073",,,
"1978","2019","2074",,,
"1978","2019","2075",,,
"1978","2019","2076",,,
"1978","2019","2077",,,
"1978","2019","2078",,,
"1978","2019","2079",,,
"1978","2019","2080",,,
"1978","2019","2081",,,
"1978","2019","2082",,,
"1978","2019","2083",,,
"1978","2019","2084",,,
"1978","2019","2085",,,
"1978","2019","2086",,,
"1978","2019","2087",,,
"1978","2019","2088",,,
"1978","2019","2089",,,
"1978","2019","2090",,,
"1978","2019","2091",,,
"1978","2019","2092",,,
"1978","2019","2093",,,
"1978","2019","2094",,,
"1978","2019","2095",,,
"1978","2019","2096",,,
"1978","2019","2097",,,
"1978","2019","2098",,,
"1978","2019","2099",,,
"1978","2019","2100",,,
"1978","2019","2101",,,
"1978","2019","2102",,,
"1978","2019","2103",,,
"1978","2019","2104",,,
"1978","2019","2105",,,
"1978","2002","2106",,,
"1978","2019","2107",,,
"1978","2019","2108",,,
"1978","2019","2109",,,
"1978","2019","2110",,,
"1978","2019","2111",,,
"1978","2019","2112",,,
"1978","2019","2113",,,
"1978","2019","2114",,,
"1978","2019","2115",,,
"1978","2019","2116",,,
"1978","2019","2117",,,
"1978","2019","2118",,,
"2009","2019","2119",,,
"1978","2019","2120",,,
"1978","2019","2121",,,
"1978","2019","2122",,,
"2007","2019","2123",,,
"1978","2019","2124",,,
"2001","2019","2125",,,
"2005","2019","2126",,,
"1978","2019","2127",,,
"1978","2019","2128",,,
"1978","2019","2129",,,
"1978","2019","2130",,,
"1978","2019","2131",,,
"1978","2019","2132",,,
"1978","2019","2133",,,
"1978","2019","2134",,,
"1978","2019","2135",,,
"1978","2019","2136",,,
"1978","2019","2137",,,
"1978","2019","2138",,,
"1978","2019","2139",,,
"1978","2019","2140",,,
"1978","2019","2141",,,
"1978","2019","2142",,,
"1978","2019","2143",,,
"1978","2019","2144",,,
"1978","2019","2145",,,
"1978","2019","2146",,,
"1978","2019","2147",,,
"2008","2019","2148",,,
"1978","2019","2149",,,
"1978","2019","2150",,,
"1978","2019","2151",,,
"1978","2019","2152",,,
"1978","2019","2153",,,
"1978","2019","2154",,,
"1978","2019","2155",,,
"1978","2019","2156",,,
"1978","2019","2157",,,
"1978","2019","2158",,,
"1978","2019","2159",,,
"1994","2019","2160",,,
"1978","2019","2161",,,
"1995","2019","2162",,,
"1978","2019","2163",,,
"1978","2019","2164",,,
"2011","2019","2165",,,
"1989","2019","2166",,,
"1978","2019","2167",,,
"1994","2019","2168",,,
"1978","2019","2169",,,
"1978","2019","2170",,,
"1978","2019","2171",,,
"1978","2019","2172",,,
"1991","2019","2173",,,
"1978","2019","2174",,,
"1978","2019","2175",,,
"1978","2019","2176",,,
"1978","2019","2177",,,
"1978","2019","2178",,,
"1978","2019","2179",,,
"2001","2019","2180",,,
"1978","2019","2181",,,
"1978","2019","2182",,,
"1978","2019","2183",,,
"1978","2019","2184",,,
"1978","2019","2185",,,
"1978","2019","2186",,,
"1978","2019","2187",,,
"1978","2019","2188",,,
"1978","2019","2189",,,
"2001","2019","2190",,,
"2010","2019","2191",,,
"1978","2019","2192",,,
"1978","2019","2193",,,
"1978","2019","2194",,,
"1978","2019","2195",,,
"1978","2019","2196",,,
"1978","2019","2197",,,
"1978","2019","2198",,,
"1978","2019","2199",,,
"1978","2019","2200",,,
"1990","2019","2201",,,
"1978","2019","2202",,,
"1989","2019","2203",,,
"1978","2019","2204",,,
"1978","2019","2205",,,
"1978","2019","2206",,,
"1978","2019","2207",,,
"1978","2019","2208",,,
"1978","2019","2209",,,
"1978","2019","2210",,,
"1978","2019","2211","5423","14","298465233"
"1978","2019","2212","5423","14","298465233"
"1978","2019","2213","5423","14","298465233"
"1978","2019","2214","5409","3","139138109"
"1978","2019","2215","5423","14","298465233"
"1978","2019","2216","5423","14","298465233"
"1978","2019","2217","5415","7","135203687"
"1978","2019","2218","5415","7","135203687"
"1978","2019","2219","5423","14","298465233"
"1978","2019","2220","5423","14","298465233"
"1978","2019","2221","5423","14","298465233"
"1978","2019","2222","5423","14","298465233"
"1978","2019","2223","5415","7","135203687"
"1978","2019","2224","5415","7","135203687"
"1978","2019","2225","5415","7","135203687"
"1978","2019","2226","5415","7","135203687"
"1978","2019","2227","5415","7","135203687"
"1978","2019","2228","5415","7","135203687"
"1978","2019","2229","5415","7","135203687"
"1978","2019","2230","5411","5","31637697"
"1978","2019","2231","5409","3","139138109"
"1978","2019","2232","5420","12","140093855"
"1978","2019","2233","5420","12","140093855"
"1978","2019","2234","5420","12","140093855"
"1978","2019","2235","5420","12","140093855"
"1978","2019","2236","5420","12","140093855"
"1978","2019","2237","5420","12","140093855"
"1978","2019","2238","5420","12","140093855"
"1978","2000","2239","5420","12","140093855"
"1978","2019","2240","5419","11","139704746"
"1978","2019","2241","5420","12","140093855"
"1978","2019","2242","5418","10","158063956"
"1978","2019","2243","5418","10","158063956"
"1978","2019","2244","5418","10","158063956"
"1978","2019","2245","5418","10","158063956"
"1990","2019","2246","5424","15","73554177"
"1978","2019","2247","5418","10","158063956"
"1978","2019","2248","5424","15","73554177"
"2008","2014","2249","5450","26","45222705"
"1978","2019","2250","5424","15","73554177"
"1978","2019","2251","5424","15","73554177"
"1978","2019","2252","5450","26","45222705"
"1978","2019","2253","2994","1","25456918"
"2007","2016","2254","2994","1","25456918"
"1978","2019","2255","5450","26","45222705"
"1978","2019","2256","5446","22","51218128"
"1978","2019","2257","5449","25","192314064"
"1978","2019","2258","5449","25","192314064"
"1978","2019","2259","5449","25","192314064"
"1978","2019","2260","5449","25","192314064"
"1978","2019","2261","5454","30","48630775"
"1978","2019","2262","5449","25","192314064"
"1978","2019","2263","5449","25","192314064"
"1978","2019","2264","5454","30","48630775"
"2007","2019","2265","5449","25","192314064"
"2010","2019","2266","5449","25","192314064"
"1978","2019","2267","5449","25","192314064"
"1978","2019","2268","5447","23","40053906"
"1978","2019","2269",,,
"1978","2019","2270",,,
"1978","2019","2271",,,
"2004","2019","2272",,,
"1978","2019","2273",,,
"1978","2019","2274",,,
"1978","2019","2275",,,
"1978","2019","2276",,,
"1978","2019","2277",,,
"1978","2019","2278",,,
"2000","2019","2279",,,
"1978","2019","2280",,,
"1978","2019","2281",,,
"1978","2019","2282",,,
"1978","2019","2283",,,
"1978","2019","2284",,,
"1978","2019","2285",,,
"1978","2019","2286",,,
"1978","2019","2287",,,
"2008","2019","2288",,,
"1978","2019","2289",,,
"1978","2019","2290",,,
"1978","2019","2291",,,
"1978","2019","2292",,,
"1978","2019","2293",,,
"1978","2019","2294",,,
"1978","2019","2295",,,
"1978","2019","2296",,,
"2017","2019","2297",,,
"1978","2019","2298",,,
"1978","2019","2299",,,
"1978","2019","2300",,,
"1978","2019","2301",,,
"1978","2019","2302",,,
"1978","2019","2303",,,
"1978","2019","2304",,,
"1978","2019","2305",,,
"1978","2019","2306",,,
"1978","2019","2307",,,
"1978","2019","2308",,,
"1978","2019","2309",,,
"1978","2019","2310",,,
"1978","2019","2311",,,
"1978","2019","2312",,,
"1978","2019","2313",,,
"2007","2019","2314",,,
"1978","2019","2315",,,
"1978","2019","2316",,,
"1978","2019","2317",,,
"1978","2019","2318",,,
"1978","2019","2319",,,
"2011","2019","2320",,,
"1978","2019","2321",,,
"1978","2019","2322",,,
"1978","2019","2323",,,
"1978","2019","2324",,,
"1978","2019","2325",,,
"1978","2019","2326",,,
"1978","2019","2327",,,
"1978","2019","2328",,,
"1978","2019","2329",,,
"1978","2019","2330",,,
"1978","2019","2331",,,
"1978","2019","2332",,,
"1978","2019","2333",,,
"1978","2019","2334",,,
"1978","2019","2335",,,
"1978","2019","2336",,,
"1978","2019","2337",,,
"1978","1999","2338",,,
"1978","2019","2339",,,
"2017","2019","2340",,,
"1978","2019","2341",,,
"1978","2019","2342",,,
"1978","2019","2343",,,
"1978","2019","2344",,,
"1978","2019","2345",,,
"1978","2019","2346",,,
"1978","2019","2347",,,
"1978","2019","2348",,,
"1978","2019","2349",,,
"1978","2019","2350",,,
"1978","2019","2351",,,
"1978","2019","2352",,,
"1978","2019","2353",,,
"1978","2019","2354",,,
"1978","2019","2355",,,
"1978","2019","2356",,,
"1978","2019","2357",,,
"1978","2019","2358",,,
"1978","2019","2359",,,
"1978","2019","2360",,,
"1978","2019","2361",,,
"1978","2019","2362",,,
"1978","2019","2363",,,
"1978","2019","2364",,,
"1989","2019","2365",,,
"1978","2019","2366",,,
"1978","2019","2367",,,
"1978","2019","2368",,,
"1978","2019","2369",,,
"1978","2019","2370",,,
"1978","2019","2371",,,
"1978","2019","2372",,,
"1978","2019","2373",,,
"1978","2019","2374",,,
"1978","2019","2375",,,
"1978","2019","2376",,,
"1978","2019","2377",,,
"1990","2019","2378",,,
"1978","2019","2379",,,
"1978","2019","2380",,,
"1978","2019","2381",,,
"1978","2019","2382",,,
"1978","2019","2383",,,
"1978","2019","2384",,,
"1978","2019","2385",,,
"1978","2019","2386",,,
"1978","2019","2387",,,
"1978","2019","2388",,,
"1978","2019","2389",,,
"1978","2019","2390",,,
"1978","2019","2391",,,
"1978","2019","2392",,,
"1978","2019","2393",,,
"1978","2019","2394",,,
"1978","2019","2395",,,
"2007","2019","2396",,,
"1978","2019","2397",,,
"2000","2019","2398",,,
"1978","2019","2399",,,
"1978","2019","2400",,,
"1978","2019","2401",,,
"2008","2019","2402",,,
"1978","2019","2403",,,
"1978","2019","2404",,,
"1978","2019","2405",,,
"1998","2019","2406",,,
"1978","2019","2407",,,
"1978","2019","2408",,,
"1978","2019","2409",,,
"1978","2019","2410",,,
"1978","2019","2411",,,
"1978","1995","2412",,,
"2009","2019","2413",,,
"1978","2019","2414",,,
"1978","2019","2415",,,
"1978","2019","2416",,,
"1978","2019","2417",,,
"1978","2019","2418",,,
"1978","2019","2419",,,
"2008","2019","2420",,,
"1978","2019","2421",,,
"2001","2019","2422",,,
"1978","2019","2423",,,
"1978","2019","2424",,,
"1978","2019","2425",,,
"1978","2019","2426",,,
"1978","2019","2427",,,
"1978","2019","2428",,,
"1978","2019","2429",,,
"1978","2019","2430",,,
"1978","2019","2431",,,
"1978","2019","2432",,,
"1978","2019","2433",,,
"1978","2019","2434",,,
"1978","2019","2435",,,
"1978","2019","2436",,,
"1978","2019","2437",,,
"1978","2019","2438",,,
"1978","2019","2439",,,
"1978","2019","2440",,,
"1978","2019","2441",,,
"1978","2019","2442",,,
"1978","2019","2443",,,
"1978","2019","2444",,,
"1978","2019","2445",,,
"1978","2019","2446",,,
"1978","2019","2447",,,
"2003","2019","2448",,,
"1978","2019","2449",,,
"1978","2019","2450",,,
"1978","2019","2451",,,
"1978","2019","2452",,,
"1978","2019","2453",,,
"1978","2019","2454",,,
"1978","2019","2455",,,
"1978","2019","2456",,,
"1978","2019","2457",,,
"1978","2019","2458",,,
"1978","2019","2459",,,
"1978","2019","2460",,,
"1978","2019","2461",,,
"1978","2019","2462",,,
"1978","2019","2463",,,
"2000","2019","2464",,,
"1978","2019","2465",,,
"1978","2019","2466",,,
"2003","2019","2467",,,
"1978","2019","2468",,,
"1978","2019","2469",,,
"1978","2019","2470",,,
"1978","2019","2471",,,
"1978","2019","2472",,,
"1978","2019","2473",,,
"1978","2019","2474",,,
"1978","2019","2475",,,
"1978","2019","2476",,,
"1978","2019","2477",,,
"1978","2019","2478",,,
"1978","2019","2479",,,
"1986","2019","2480",,,
"1978","2019","2481",,,
"1978","2019","2482",,,
"1978","2019","2483",,,
"1978","2019","2484",,,
"1986","2019","2485",,,
"1978","2019","2486",,,
"1978","2019","2487",,,
"1978","2019","2488",,,
"1994","2019","2489",,,
"1978","2019","2490",,,
"1978","2019","2491",,,
"1983","2001","2492",,,
"1978","2019","2493",,,
"1988","2019","2494",,,
"1978","2019","2495",,,
"1978","2019","2496",,,
"1978","2019","2497",,,
"1978","2019","2498",,,
"1978","2019","2499",,,
"1978","2019","2500",,,
"1993","2019","2501",,,
"1978","2019","2502",,,
"1978","2019","2503",,,
"1978","2019","2504",,,
"1978","2019","2505",,,
"1978","2019","2506",,,
"1978","2019","2507",,,
"1978","2019","2508",,,
"1978","2019","2509",,,
"1978","2019","2510",,,
"1978","2019","2511",,,
"1978","2019","2512",,,
"1978","2019","2513",,,
"1978","2019","2514",,,
"1978","2019","2515",,,
"1978","2019","2516",,,
"1978","2019","2517",,,
"1978","2019","2518",,,
"1978","2019","2519",,,
"1978","2019","2520",,,
"1985","2019","2521",,,
"1978","2019","2522",,,
"1978","2019","2523",,,
"1988","2019","2524",,,
"1978","2019","2525",,,
"1999","2019","2526",,,
"1978","2019","2527",,,
"1978","2019","2528",,,
"1978","2019","2529",,,
"1978","2019","2530",,,
"1978","2019","2531",,,
"1978","2019","2532",,,
"1978","2019","2533",,,
"1978","2019","2534",,,
"1978","2019","2535",,,
"1978","2019","2536",,,
"1978","2019","2537",,,
"1978","2019","2538",,,
"1978","2019","2539",,,
"1978","1992","2540",,,
"1978","2019","2541",,,
"2008","2019","2542",,,
"1978","2019","2543",,,
"1978","2019","2544",,,
"1978","2019","2545",,,
"1978","2019","2546",,,
"1978","2019","2547",,,
"1978","2019","2548",,,
"1983","2019","2549",,,
"1978","2019","2550",,,
"1978","2019","2551",,,
"1978","2019","2552",,,
"1978","2019","2553",,,
"1978","2019","2554",,,
"1986","2019","2555",,,
"1978","2019","2556",,,
"1978","2019","2557",,,
"1978","2019","2558",,,
"1978","2019","2559",,,
"1978","2019","2560",,,
"1978","2019","2561",,,
"1978","2019","2562",,,
"1978","2019","2563",,,
"1978","2019","2564",,,
"1978","2019","2565",,,
"1978","2019","2566",,,
"1978","2019","2567",,,
"1978","2019","2568",,,
"1978","2019","2569",,,
"1978","2019","2570",,,
"1978","2019","2571",,,
"1978","2019","2572",,,
"1978","2009","2573",,,
"1978","2019","2574",,,
"1978","2009","2575",,,
"1978","2019","2576",,,
"1978","2019","2577",,,
"1978","2019","2578",,,
"1978","2019","2579",,,
"1994","2019","2580",,,
"1978","2019","2581",,,
"1978","2019","2582",,,
"1978","2019","2583",,,
"1978","2013","2584",,,
"1998","2019","2585",,,
"1994","2019","2586",,,
"1978","2019","2587",,,
"1978","2019","2588",,,
"1978","2019","2589",,,
"2001","2019","2590",,,
"1978","2019","2591",,,
"1978","2019","2592",,,
"1978","2019","2593",,,
"1978","2019","2594",,,
"1978","2019","2595",,,
"1978","2019","2596",,,
"1978","2019","2597",,,
"1978","2019","2598",,,
"1978","2019","2599",,,
"1978","2019","2600",,,
"1978","2019","2601",,,
"1978","2019","2602",,,
"1978","2019","2603",,,
"1978","2019","2604",,,
"1978","2019","2605",,,
"1978","2019","2606",,,
"1978","2019","2607",,,
"1978","2019","2608",,,
"2005","2013","2609",,,
"1978","2019","2610",,,
"1978","2019","2611",,,
"1978","2019","2612",,,
"1978","2019","2613",,,
"1978","2019","2614",,,
"1978","2019","2615",,,
"1978","2019","2616",,,
"1984","2019","2617",,,
"1978","2019","2618",,,
"2006","2019","2619",,,
"1978","2019","2620",,,
"1978","2019","2621",,,
"1978","2019","2622",,,
"1978","2019","2623",,,
"1978","2019","2624",,,
"1978","2019","2625",,,
"1978","2019","2626",,,
"1978","2019","2627",,,
"1996","2019","2628",,,
"1978","2019","2629",,,
"1978","2019","2630",,,
"1978","2019","2631",,,
"1978","2019","2632",,,
"1978","2019","2633",,,
"1978","2019","2634",,,
"1978","2019","2635",,,
"1987","2019","2636",,,
"1978","2019","2637",,,
"1978","2019","2638",,,
"1998","2019","2639",,,
"1978","2019","2640",,,
"1978","2019","2641",,,
"1978","2019","2642",,,
"1978","2019","2643",,,
"1978","2019","2644",,,
"1978","2019","2645",,,
"1978","2019","2646",,,
"1978","2019","2647",,,
"1978","2019","2648",,,
"1978","2019","2649",,,
"1978","2019","2650",,,
"1978","2019","2651",,,
"1978","2019","2652",,,
"1978","2019","2653",,,
"1978","2019","2654",,,
"1978","2019","2655",,,
"1978","2019","2656",,,
"1978","2019","2657",,,
"1978","2019","2658",,,
"1978","2019","2659",,,
"1978","2019","2660",,,
"1978","2019","2661",,,
"1978","2019","2662",,,
"1978","2019","2663",,,
"1978","2019","2664",,,
"1978","2019","2665",,,
"1978","2019","2666","5456","32","37937710"
"1996","2019","2667","5456","32","37937710"
"1978","2019","2668",,,
"1978","2019","2669",,,
"1978","2019","2670",,,
"1978","2019","2671",,,
"1978","2019","2672",,,
"1996","2019","2673",,,
"1978","2019","2674","5456","32","37937710"
"1978","2019","2675",,,
"1978","2019","2676","5449","25","192314064"
"1978","2019","2677","5449","25","192314064"
"1978","2019","2678","5449","25","192314064"
"1978","2019","2679","5449","25","192314064"
"1978","2019","2680","5456","32","37937710"
"1978","2019","2681","5456","32","37937710"
"1978","2019","2682","5449","25","192314064"
"1978","2019","2683","5456","32","37937710"
"1978","2019","2684","5456","32","37937710"
"1978","2019","2685","5456","32","37937710"
"1978","2019","2686","5456","32","37937710"
"1978","2003","2687","5456","32","37937710"
"1978","2019","2688","5449","25","192314064"
"1978","2003","2689","5449","25","192314064"
"1978","2019","2690","5449","25","192314064"
"1978","2019","2691","5449","25","192314064"
"1978","2019","2692","5449","25","192314064"
"2017","2019","2693","5449","25","192314064"
"1978","2019","2694","5449","25","192314064"
"1978","2019","2695","5449","25","192314064"
"1978","2019","2696","5449","25","192314064"
"1978","2019","2697","5449","25","192314064"
"1978","2019","2698","5449","25","192314064"
"1978","2019","2699","5449","25","192314064"
"1978","2019","2700","5449","25","192314064"
"2006","2019","2701","5449","25","192314064"
"1978","2019","2702","5449","25","192314064"
"1978","2019","2703","5449","25","192314064"
"1978","2019","2704",,,
"1978","2019","2705",,,
"1978","2019","2706",,,
"1978","2019","2707",,,
"1978","2019","2708",,,
"1995","2019","2709",,,
"1993","2019","2710",,,
"1978","2019","2711",,,
"1978","2019","2712",,,
"1978","2019","2713",,,
"1978","2019","2714",,,
"1978","2019","2715",,,
"1978","2019","2716",,,
"1978","2019","2717",,,
"1978","2019","2718",,,
"1978","2019","2719",,,
"1978","2019","2720",,,
"1978","2019","2721",,,
"1978","2019","2722",,,
"1978","2019","2723",,,
"2017","2019","2724",,,
"1978","2019","2725",,,
"1978","2019","2726",,,
"1978","2019","2727",,,
"1978","2019","2728",,,
"1978","2019","2729",,,
"2014","2019","2730",,,
"1978","2019","2731",,,
"1978","2019","2732",,,
"1978","2019","2733",,,
"1978","2019","2734",,,
"1978","2019","2735",,,
"1978","2019","2736",,,
"2001","2019","2737",,,
"1978","2019","2738",,,
"1978","2019","2739",,,
"1978","2019","2740",,,
"1978","2019","2741",,,
"2005","2019","2742",,,
"1978","2019","2743",,,
"1997","2019","2744",,,
"1992","2019","2745",,,
"1978","2019","2746",,,
"1999","2019","2747",,,
"1978","2019","2748",,,
"1978","2019","2749",,,
"1978","2019","2750",,,
"1978","2019","2751",,,
"1978","2019","2752",,,
"2002","2019","2753",,,
"2001","2019","2754",,,
"1986","2019","2755",,,
"2007","2019","2756",,,
"1978","2019","2757",,,
"1978","2019","2758",,,
"1978","2019","2759",,,
"2003","2019","2760",,,
"1978","2019","2761",,,
"1978","2019","2762",,,
"1978","2019","2763",,,
"1978","2019","2764",,,
"1978","2019","2765",,,
"1978","2019","2766",,,
"1978","2019","2767",,,
"1978","2019","2768",,,
"1994","2019","2769",,,
"1978","2019","2770",,,
"1978","2019","2771",,,
"1978","2019","2772",,,
"1978","2019","2773",,,
"1978","2019","2774",,,
"1978","2019","2775",,,
"1978","2019","2776",,,
"1978","2019","2777",,,
"1978","2019","2778",,,
"1978","2019","2779",,,
"2006","2019","2780",,,
"2003","2019","2781",,,
"1978","2019","2782",,,
"1978","2019","2783",,,
"1978","2019","2784",,,
"1978","2019","2785",,,
"1978","2019","2786",,,
"1978","2019","2787",,,
"1996","2019","2788",,,
"2003","2019","2789",,,
"1978","2019","2790",,,
"1978","2019","2791",,,
"1978","2019","2792",,,
"1978","2019","2793",,,
"2018","2019","2794",,,
"2001","2019","2795",,,
"1989","2019","2796",,,
"1978","2019","2797",,,
"1978","2019","2798",,,
"1978","2019","2799",,,
"1978","2019","2800",,,
"1978","2019","2801",,,
"1978","2019","2802",,,
"1978","2019","2803",,,
"1978","2019","2804",,,
"1978","2019","2805",,,
"1978","2019","2806",,,
"1978","2019","2807",,,
"1978","2019","2808",,,
"1978","2019","2809",,,
"1978","2019","2810",,,
"1978","2019","2811",,,
"1978","2019","2812",,,
"1978","2019","2813",,,
"1978","2019","2814",,,
"1978","2019","2815",,,
"1978","2019","2816",,,
"1978","2019","2817",,,
"1978","2019","2818",,,
"1978","2019","2819",,,
"1978","2019","2820",,,
"1978","2019","2821",,,
"1978","2019","2822",,,
"1978","2019","2823",,,
"1978","2019","2824",,,
"1978","2019","2825",,,
"1978","2019","2826",,,
"1978","2019","2827",,,
"1978","2019","2828",,,
"1978","2019","2829",,,
"1978","2019","2830",,,
"1978","2019","2831",,,
"1978","2019","2832",,,
"1978","2019","2833",,,
"1978","2019","2834",,,
"1978","2019","2835",,,
"2003","2019","2836",,,
"1978","2019","2837","5449","25","192314064"
"1978","2019","2838",,,
"1978","2019","2839",,,
"1978","2019","2840",,,
"1978","2016","2841",,,
"1978","2019","2842",,,
"1978","2019","2843",,,
"1978","2016","2844",,,
"1978","2019","2845",,,
"1978","2019","2846",,,
"1978","2019","2847",,,
"1978","2019","2848",,,
"1978","2019","2849",,,
"2009","2019","2850",,,
"1978","1993","2851","5418","10","158063956"
"1978","2019","2852","5418","10","158063956"
"1978","2019","2853","5418","10","158063956"
"1978","2019","2854","5418","10","158063956"
"1978","2019","2855","5418","10","158063956"
"1978","2019","2856","5424","15","73554177"
"1978","2019","2857","5424","15","73554177"
"1978","2019","2858","5424","15","73554177"
"1978","2019","2859","5418","10","158063956"
"1995","2019","2860","5418","10","158063956"
"2007","2019","2861","5418","10","158063956"
"1978","2019","2862","5418","10","158063956"
"1978","2019","2863","5418","10","158063956"
"1978","2019","2864","5449","25","192314064"
"1978","2019","2865","5454","30","48630775"
"1978","2019","2866","5453","29","31932675"
"1978","2019","2867","5453","29","31932675"
"1978","2019","2868","5454","30","48630775"
"2010","2019","2869","5453","29","31932675"
"1978","2019","2870",,,
"1978","2019","2871",,,
"1978","2019","2872",,,
"1978","2019","2873",,,
"1978","2019","2874",,,
"1978","2019","2875",,,
"1978","2019","2876",,,
"1978","2019","2877",,,
"1978","2019","2878",,,
"1978","2019","2879",,,
"1978","2019","2880",,,
"1978","2019","2881",,,
"1978","2019","2882",,,
"1978","2019","2883",,,
"1978","2019","2884",,,
"1978","2019","2885",,,
"1978","2019","2886",,,
"1978","2019","2887",,,
"1978","2019","2888",,,
"1978","2019","2889",,,
"1978","2019","2890",,,
"1978","2019","2891",,,
"1978","2019","2892",,,
"1978","2019","2893",,,
"1992","2019","2894",,,
"1978","2019","2895",,,
"1984","2019","2896",,,
"1978","2019","2897",,,
"1978","2019","2898",,,
"1978","2019","2899",,,
"1978","2019","2900",,,
"1978","2019","2901",,,
"1978","2019","2902",,,
"1978","2019","2903",,,
"1978","2019","2904",,,
"1978","2019","2905",,,
"1978","2019","2906",,,
"1978","2019","2907",,,
"1978","2019","2908",,,
"1978","2019","2909",,,
"1978","2019","2910",,,
"1978","2019","2911",,,
"1978","2019","2912",,,
"1978","1994","2913",,,
"1978","2019","2914",,,
"1978","2019","2915",,,
"1978","2019","2916",,,
"1978","2019","2917",,,
"1978","2019","2918",,,
"1978","2019","2919",,,
"1978","2019","2920",,,
"2004","2019","2921",,,
"1978","2019","2922",,,
"1978","2019","2923",,,
"1978","2019","2924",,,
"1978","2019","2925",,,
"1978","2019","2926",,,
"2002","2019","2927",,,
"1978","2019","2928",,,
"1978","2019","2929",,,
"2010","2019","2930",,,
"1978","2019","2931",,,
"1978","2019","2932","5437","20","182281273"
"1978","2019","2933",,,
"1978","2019","2934",,,
"1978","2019","2935",,,
"1978","2019","2936",,,
"1985","2019","2937",,,
"1988","2019","2938",,,
"2006","2019","2939",,,
"1978","2019","2940",,,
"1978","2019","2941",,,
"1978","2019","2942",,,
"1987","2019","2943",,,
"1978","2019","2944",,,
"1978","2019","2945",,,
"1978","2019","2946",,,
"1978","2019","2947",,,
"1978","2019","2948",,,
"1978","2019","2949",,,
"1978","2019","2950",,,
"1997","2019","2951",,,
"1978","2019","2952",,,
"1978","2019","2953",,,
"1978","2019","2954",,,
"1978","2019","2955",,,
"1978","2019","2956",,,
"2010","2019","2957",,,
"1978","2019","2958",,,
"1978","2019","2959",,,
"1978","2019","2960",,,
"1978","2019","2961",,,
"1978","2019","2962",,,
"1978","2019","2963",,,
"1978","2019","2964",,,
"1978","2019","2965",,,
"2004","2019","2966",,,
"1978","2019","2967",,,
"1978","2019","2968",,,
"1978","2019","2969",,,
"1978","2019","2970",,,
"1978","2019","2971",,,
"1978","2019","2972",,,
"1978","2019","2973",,,
"1978","2019","2974",,,
"1978","2019","2975",,,
"1978","2019","2976",,,
"1978","2019","2977",,,
"1978","2019","2978",,,
"2002","2019","2979",,,
"1978","2019","2980",,,
"1978","2005","2981",,,
"1978","2019","2982",,,
"1978","2019","2983",,,
"1978","2019","2984",,,
"1978","2019","2985",,,
"1989","2019","2986",,,
"1990","1993","2987",,,
"1978","2019","2988",,,
"1978","2019","2989",,,
"1978","2019","2990",,,
"1978","2019","2991",,,
"1978","2019","2992",,,
"1978","2019","2993",,,
"2006","2019","2994",,,
"1978","2005","2995",,,
"1978","2007","2996",,,
"1978","2007","2997",,,
"1978","2007","2998",,,
"1978","2019","2999",,,
"1978","2019","3000",,,
"1978","2019","3001",,,
"1978","2019","3002",,,
"1978","2019","3003",,,
"1994","2019","3004",,,
"1978","2019","3005",,,
"1978","2019","3006",,,
"2010","2019","3007",,,
"1978","2019","3008",,,
"1978","2019","3009",,,
"1978","2019","3010",,,
"1978","2019","3011",,,
"1978","2019","3012",,,
"1978","2019","3013",,,
"1978","2019","3014",,,
"1978","2019","3015",,,
"1978","2019","3016",,,
"1978","2004","3017",,,
"1999","2019","3018",,,
"1978","2019","3019",,,
"1978","2019","3020",,,
"1978","2019","3021",,,
"1978","2019","3022",,,
"1978","2019","3023",,,
"1978","2019","3024",,,
"1978","2019","3025",,,
"1978","2019","3026",,,
"1991","2019","3027",,,
"1978","2019","3028",,,
"1978","2019","3029",,,
"1978","2019","3030",,,
"1978","2019","3031",,,
"1988","2019","3032",,,
"1978","2019","3033",,,
"1978","2019","3034",,,
"1978","2019","3035",,,
"1993","2019","3036",,,
"1978","2019","3037",,,
"1978","2019","3038",,,
"1978","2019","3039",,,
"1978","2019","3040",,,
"1978","2019","3041",,,
"1978","2019","3042",,,
"1978","2019","3043",,,
"1978","2019","3044",,,
"1978","2019","3045",,,
"1978","2019","3046",,,
"1978","2019","3047",,,
"1978","2019","3048",,,
"1978","2019","3049",,,
"1978","2019","3050",,,
"1978","2019","3051",,,
"2010","2019","3052",,,
"1978","2019","3053",,,
"2011","2019","3054",,,
"1978","2019","3055",,,
"1978","2019","3056",,,
"1978","2019","3057",,,
"1978","2019","3058",,,
"1978","2019","3059",,,
"1978","2019","3060",,,
"1978","2019","3061",,,
"1978","2019","3062",,,
"1978","2019","3063",,,
"1978","2019","3064",,,
"1978","2019","3065",,,
"1978","2019","3066",,,
"1978","2019","3067",,,
"1978","2019","3068",,,
"1978","2019","3069",,,
"1978","2019","3070",,,
"1978","2019","3071",,,
"1978","2019","3072",,,
"1978","2019","3073",,,
"1978","2019","3074",,,
"1978","2019","3075",,,
"1978","2019","3076",,,
"1978","2019","3077",,,
"2010","2019","3078",,,
"1978","2019","3079",,,
"1978","2019","3080",,,
"1978","2019","3081",,,
"1978","2019","3082",,,
"1978","2019","3083",,,
"1978","2019","3084",,,
"1978","2019","3085",,,
"1978","2019","3086",,,
"1978","2019","3087",,,
"1978","2019","3088",,,
"1978","2019","3089",,,
"1978","2019","3090",,,
"1978","2019","3091",,,
"1978","2019","3092",,,
"1978","2019","3093",,,
"1978","2019","3094",,,
"1978","2019","3095",,,
"1978","2019","3096",,,
"1978","2019","3097",,,
"1978","2019","3098",,,
"1978","2019","3099",,,
"1978","2019","3100",,,
"1978","2019","3101",,,
"1978","2019","3102",,,
"1978","2019","3103",,,
"1978","2019","3104",,,
"1978","2019","3105",,,
"1978","2019","3106",,,
"1978","2019","3107",,,
"1978","2019","3108",,,
"1978","2019","3109",,,
"1978","2019","3110",,,
"1978","2019","3111",,,
"1978","2019","3112",,,
"1978","2019","3113",,,
"1978","2019","3114",,,
"1978","2019","3115",,,
"1978","2019","3116",,,
"1978","2019","3117",,,
"1978","2019","3118",,,
"1978","2019","3119",,,
"1978","2019","3120",,,
"1978","2019","3121",,,
"1978","2019","3122",,,
"1978","2019","3123",,,
"1978","2019","3124",,,
"1978","2019","3125",,,
"1978","2019","3126",,,
"1978","2019","3127",,,
"1978","2019","3128",,,
"1978","2012","3129",,,
"1978","2019","3130",,,
"1978","2019","3131",,,
"1978","2019","3132",,,
"1978","2019","3133",,,
"1978","2019","3134",,,
"1978","2019","3135",,,
"1978","2019","3136",,,
"1978","2019","3137",,,
"1978","2019","3138",,,
"1978","2019","3139",,,
"1978","2019","3140",,,
"1978","2019","3141",,,
"1978","2019","3142",,,
"1978","2019","3143",,,
"1978","2019","3144",,,
"1978","2019","3145",,,
"1978","2019","3146",,,
"1978","2019","3147","5415","7","135203687"
"1978","2019","3148","5416","8","32924404"
"1978","2019","3149","5417","9","44843906"
"1978","2019","3150","5416","8","32924404"
"1978","2019","3151","5416","8","32924404"
"1978","2019","3152","5417","9","44843906"
"1978","2019","3153","5416","8","32924404"
"2008","2019","3154","5415","7","135203687"
"1978","2019","3155","5417","9","44843906"
"1978","2006","3156","5417","9","44843906"
"2013","2019","3157","5448","24","33829698"
"1978","2019","3158","5423","14","298465233"
"1978","2019","3159","5423","14","298465233"
"1978","2019","3160","5423","14","298465233"
"1978","2019","3161","5423","14","298465233"
"1986","2019","3162","5423","14","298465233"
"1978","2019","3163","5423","14","298465233"
"1978","2019","3164","5423","14","298465233"
"1978","2019","3165","5423","14","298465233"
"1978","2019","3166","5415","7","135203687"
"1997","2019","3167","5423","14","298465233"
"1978","2019","3168","5423","14","298465233"
"1978","2019","3169","5423","14","298465233"
"1978","2019","3170","5423","14","298465233"
"1978","2019","3171","5413","6","49661506"
"1978","2019","3172","5410","4","60615952"
"1978","2019","3173","5410","4","60615952"
"1978","2019","3174","5423","14","298465233"
"1989","2019","3175","5423","14","298465233"
"1978","2019","3176","5410","4","60615952"
"1978","2019","3177","5410","4","60615952"
"1978","2019","3178","5409","3","139138109"
"1978","2019","3179","5409","3","139138109"
"1978","2019","3180","5409","3","139138109"
"1978","2019","3181","5409","3","139138109"
"1978","2019","3182","5410","4","60615952"
"1978","2019","3183","5409","3","139138109"
"1978","2019","3184",,,
"1978","2019","3185",,,
"1995","2019","3186",,,
"2003","2019","3187",,,
"1978","2019","3188",,,
"1978","2019","3189",,,
"1978","2019","3190",,,
"1978","2019","3191",,,
"2013","2019","3192",,,
"1978","2019","3193",,,
"1978","2019","3194",,,
"2009","2019","3195",,,
"1978","2019","3196",,,
"1993","2019","3197",,,
"1978","2019","3198",,,
"1978","2019","3199",,,
"1978","2019","3200",,,
"1978","2019","3201",,,
"1978","2019","3202",,,
"1978","2019","3203",,,
"1978","2019","3204",,,
"1978","2019","3205",,,
"1978","2019","3206",,,
"1978","2019","3207",,,
"1978","2019","3208",,,
"1978","2019","3209",,,
"1978","2019","3210",,,
"1978","2019","3211",,,
"1978","2019","3212",,,
"1978","2019","3213",,,
"1978","2019","3214",,,
"1978","2019","3215",,,
"1978","2019","3216",,,
"1978","2019","3217",,,
"1978","2019","3218",,,
"1978","2019","3219",,,
"1978","2019","3220",,,
"1978","2019","3221",,,
"1978","2019","3222",,,
"1978","2019","3223",,,
"1978","2019","3224",,,
"1978","2019","3225",,,
"1978","2001","3226",,,
"1978","2001","3227",,,
"1978","2019","3228",,,
"1978","2019","3229",,,
"1978","2012","3230",,,
"1978","2019","3231",,,
"1978","2004","3232",,,
"1978","2019","3233",,,
"1978","2019","3234",,,
"1978","2019","3235",,,
"1978","2019","3236",,,
"2012","2019","3237",,,
"1978","2019","3238",,,
"1978","2019","3239",,,
"1978","2019","3240",,,
"1978","2019","3241",,,
"1978","2019","3242",,,
"1978","2019","3243",,,
"1978","2019","3244",,,
"1978","2019","3245",,,
"1978","2019","3246",,,
"1978","2019","3247",,,
"1978","2019","3248",,,
"1978","2019","3249",,,
"1978","2019","3250",,,
"1978","2019","3251",,,
"1978","2019","3252",,,
"1978","2019","3253",,,
"1978","2019","3254",,,
"1978","2019","3255",,,
"2003","2019","3256",,,
"1978","2019","3257",,,
"1978","2019","3258",,,
"1978","2019","3259",,,
"1978","2019","3260",,,
"1978","2019","3261",,,
"1978","2019","3262",,,
"1978","2019","3263",,,
"2001","2019","3264",,,
"1994","2019","3265",,,
"1978","2019","3266",,,
"1978","2019","3267",,,
"1978","2019","3268",,,
"1978","2019","3269",,,
"1978","2019","3270",,,
"1978","2019","3271",,,
"1978","2019","3272",,,
"1978","2019","3273",,,
"1978","2019","3274",,,
"1978","2019","3275",,,
"1978","2019","3276",,,
"1978","2019","3277",,,
"1978","2019","3278",,,
"1978","2019","3279",,,
"1978","2019","3280",,,
"1978","2019","3281",,,
"1978","2019","3282",,,
"1978","2019","3283",,,
"1978","2019","3284",,,
"1978","2019","3285",,,
"1978","2019","3286",,,
"1978","2019","3287",,,
"1978","2019","3288",,,
"1978","2019","3289",,,
"1978","2019","3290",,,
"1978","2019","3291",,,
"1978","2019","3292",,,
"1978","2019","3293",,,
"1978","2019","3294",,,
"1978","2019","3295",,,
"1978","2019","3296",,,
"1978","2019","3297",,,
"1978","2019","3298",,,
"1978","2019","3299",,,
"1978","2019","3300",,,
"2007","2019","3301",,,
"1978","2019","3302",,,
"1978","2019","3303",,,
"1978","2019","3304",,,
"1978","2019","3305",,,
"1978","2019","3306",,,
"1978","2019","3307",,,
"1978","2019","3308",,,
"1994","2019","3309",,,
"1978","2019","3310",,,
"1978","2019","3311",,,
"1978","2019","3312",,,
"1978","2019","3313",,,
"1978","2019","3314",,,
"1978","2019","3315",,,
"1988","2019","3316",,,
"1978","2019","3317",,,
"1978","2019","3318",,,
"1978","2019","3319",,,
"1978","2019","3320",,,
"1978","2019","3321",,,
"1978","2019","3322",,,
"1978","2019","3323",,,
"1978","2019","3324",,,
"1978","2019","3325",,,
"1978","2019","3326",,,
"1978","2019","3327",,,
"1978","2019","3328",,,
"1993","2019","3329",,,
"1978","2019","3330","5427","16","77452324"
"1978","2019","3331","5427","16","77452324"
"1978","2019","3332","5451","27","95618508"
"1978","2019","3333","5451","27","95618508"
"1978","2019","3334","5419","11","139704746"
"1978","2019","3335","5418","10","158063956"
"1978","2013","3336","5418","10","158063956"
"1978","2013","3337","5418","10","158063956"
"1978","2019","3338","5418","10","158063956"
"1978","2019","3339","5418","10","158063956"
"1978","2019","3340","5419","11","139704746"
"1978","2019","3341","5418","10","158063956"
"1978","2019","3342","5424","15","73554177"
"1978","2019","3343","5450","26","45222705"
"1978","2019","3344","5424","15","73554177"
"1978","2019","3345","5453","29","31932675"
"1978","2019","3346","5446","22","51218128"
"1978","2019","3347","5446","22","51218128"
"1978","2019","3348","5424","15","73554177"
"1978","2019","3349","5424","15","73554177"
"1978","2019","3350","5424","15","73554177"
"1978","2019","3351","5424","15","73554177"
"1978","2019","3352","5424","15","73554177"
"1978","2019","3353","5424","15","73554177"
"1978","2019","3354","5430","18","53894839"
"1978","2019","3355","5430","18","53894839"
"1978","2019","3356","5430","18","53894839"
"1978","2012","3357","5424","15","73554177"
"1978","2019","3358","5431","19","74234756"
"1978","2016","3359","5418","10","158063956"
"1978","2012","3360","5430","18","53894839"
"1978","2019","3361","5428","17","28889961"
"1978","2019","3362","5431","19","74234756"
"1978","2019","3363","5430","18","53894839"
"1978","2019","3364","5430","18","53894839"
"1978","2019","3365","5428","17","28889961"
"1978","2019","3366",,,
"1978","2019","3367",,,
"1978","2019","3368",,,
"1978","2019","3369",,,
"1978","2019","3370",,,
"1978","2019","3371",,,
"1978","2019","3372",,,
"1978","2019","3373",,,
"1978","2019","3374",,,
"1978","2019","3375",,,
"1978","2019","3376",,,
"1978","2019","3377",,,
"1978","2019","3378",,,
"1978","2019","3379",,,
"1978","2019","3380",,,
"1978","2019","3381",,,
"1978","2019","3382",,,
"1978","2019","3383",,,
"2008","2019","3384",,,
"1978","2019","3385",,,
"1978","2019","3386",,,
"2011","2019","3387",,,
"1978","2019","3388",,,
"1978","2019","3389",,,
"1978","2019","3390",,,
"1978","2016","3391",,,
"2017","2019","3392",,,
"1978","2019","3393",,,
"1978","2019","3394",,,
"1978","2019","3395",,,
"1978","2019","3396",,,
"1978","2019","3397",,,
"1978","2019","3398",,,
"1978","2019","3399",,,
"1978","2019","3400",,,
"1978","2019","3401",,,
"1978","2019","3402",,,
"1978","2019","3403",,,
"1978","2019","3404",,,
"1978","2019","3405",,,
"1978","2019","3406",,,
"1978","2019","3407",,,
"1978","2019","3408",,,
"1978","2019","3409",,,
"1978","2019","3410",,,
"1978","2019","3411",,,
"1978","2019","3412",,,
"1978","2019","3413",,,
"1978","2019","3414",,,
"1978","2019","3415",,,
"1978","2019","3416",,,
"1978","2019","3417",,,
"1978","2019","3418",,,
"1978","2019","3419",,,
"1978","2019","3420",,,
"1978","2019","3421",,,
"1978","2019","3422",,,
"1978","2019","3423",,,
"1978","2019","3424","5416","8","32924404"
"1978","2019","3425","5415","7","135203687"
"1978","2019","3426","5419","11","139704746"
"1978","2019","3427","5415","7","135203687"
"1978","2019","3428","5415","7","135203687"
"1978","2019","3429","5415","7","135203687"
"1978","2019","3430","5415","7","135203687"
"1978","2019","3431","5420","12","140093855"
"1978","2019","3432","5420","12","140093855"
"1978","2019","3433","5420","12","140093855"
"1978","2010","3434",,,
"1978","2019","3435",,,
"1978","2019","3436",,,
"1978","2001","3437",,,
"1978","2019","3438",,,
"2004","2010","3439",,,
"1978","2019","3440",,,
"1978","2019","3441",,,
"1978","2019","3442",,,
"1978","2019","3443",,,
"1978","2019","3444",,,
"1978","2019","3445",,,
"1978","2019","3446",,,
"1978","2019","3447",,,
"1978","2019","3448",,,
"1978","1999","3449",,,
"1978","2019","3450",,,
"1978","2019","3451",,,
"1978","2019","3452",,,
"1978","2019","3453",,,
"1978","2007","3454",,,
"1978","2019","3455",,,
"1978","2019","3456",,,
"1978","2019","3457",,,
"1978","2019","3458",,,
"1978","2019","3459",,,
"1978","2003","3460",,,
"1978","2014","3461",,,
"1978","2019","3462",,,
"1978","2004","3463",,,
"1978","2019","3464",,,
"1978","2019","3465",,,
"1978","2000","3466",,,
"1999","2019","3467",,,
"1978","2019","3468",,,
"2010","2019","3469",,,
"1978","2019","3470",,,
"1978","2003","3471",,,
"1978","2019","3472",,,
"1978","2019","3473",,,
"1978","2014","3474",,,
"1978","2014","3475",,,
"1978","2019","3476",,,
"1978","2014","3477",,,
"2010","2019","3478",,,
"1978","2019","3479",,,
"1978","2019","3480",,,
"1978","2014","3481",,,
"1978","2019","3482",,,
"1978","2019","3483",,,
"1978","2019","3484",,,
"1978","2001","3485",,,
"2004","2019","3486",,,
"1978","2019","3487",,,
"1978","2019","3488",,,
"1978","2019","3489",,,
"1978","2019","3490",,,
"1978","2019","3491",,,
"1978","2019","3492",,,
"1978","2019","3493",,,
"1978","2019","3494",,,
"1978","2019","3495",,,
"1978","2019","3496",,,
"1978","2019","3497",,,
"1978","2019","3498",,,
"1978","2019","3499",,,
"1978","2019","3500",,,
"1978","2019","3501",,,
"1978","2019","3502",,,
"1978","2019","3503",,,
"1978","2019","3504",,,
"1978","2019","3505",,,
"1978","2019","3506",,,
"1978","2019","3507",,,
"1978","2004","3508",,,
"1978","2019","3509",,,
"1978","2019","3510",,,
"1978","2019","3511",,,
"1978","2003","3512",,,
"1978","2019","3513",,,
"2002","2019","3514",,,
"1978","2019","3515",,,
"1978","2019","3516",,,
"1978","1983","3517",,,
"1978","2019","3518",,,
"1978","2019","3519",,,
"1978","2019","3520",,,
"1978","2019","3521",,,
"1978","2003","3522",,,
"1978","2019","3523",,,
"1978","1984","3524",,,
"1978","2019","3525",,,
"1978","2019","3526",,,
"1978","2019","3527",,,
"1978","2019","3528",,,
"1978","2019","3529",,,
"1978","1983","3530",,,
"1978","2019","3531",,,
"1978","1999","3532",,,
"1978","2003","3533",,,
"1978","2019","3534",,,
"1978","2019","3535",,,
"1978","2019","3536",,,
"1978","2019","3537",,,
"1978","2013","3538",,,
"1978","2019","3539",,,
"1988","2019","3540",,,
"1978","2019","3541",,,
"1978","2019","3542","5419","11","139704746"
"1978","2019","3543","5419","11","139704746"
"1995","2019","3544",,,
"1978","2019","3545",,,
"1978","2019","3546","5419","11","139704746"
"1978","2019","3547","5419","11","139704746"
"1978","2019","3548",,,
"1978","2019","3549",,,
"1978","2019","3550",,,
"1978","2019","3551",,,
"2007","2019","3552",,,
"1987","2019","3553",,,
"1978","2019","3554",,,
"1978","2019","3555",,,
"1978","2019","3556",,,
"1978","2019","3557",,,
"1978","2019","3558",,,
"1978","2019","3559","5431","19","74234756"
"1978","2019","3560","5427","16","77452324"
"1978","2019","3561","5430","18","53894839"
"1978","2019","3562","5430","18","53894839"
"1978","2019","3563","5451","27","95618508"
"1978","2019","3564","5427","16","77452324"
"1978","2019","3565","5427","16","77452324"
"1978","2019","3566","5427","16","77452324"
"1978","2019","3567","5427","16","77452324"
"1978","2008","3568","5428","17","28889961"
"1978","2019","3569","5446","22","51218128"
"1978","2019","3570",,,
"1978","2019","3571",,,
"2003","2019","3572",,,
"1978","2019","3573",,,
"1978","2019","3574",,,
"1978","2019","3575",,,
"2012","2019","3576",,,
"1978","2019","3577",,,
"1978","2019","3578",,,
"1995","1997","3579",,,
"1978","2019","3580",,,
"1978","2019","3581",,,
"1978","2019","3582",,,
"1978","1988","3583",,,
"1978","1988","3584",,,
"2006","2019","3585",,,
"1978","2005","3586",,,
"1994","2003","3587",,,
"1978","2003","3588",,,
"2003","2005","3589",,,
"1978","1993","3590",,,
"1978","1989","3591",,,
"1978","1989","3592",,,
"1978","1990","3593",,,
"1978","1990","3594",,,
"1978","1988","3595",,,
"1978","1993","3596",,,
"1989","1993","3597",,,
"1978","1988","3598",,,
"2004","2019","3599",,,
"1978","2003","3600",,,
"1978","2003","3601",,,
"1978","2003","3602",,,
"1978","2003","3603",,,
"1978","2003","3604",,,
"1978","1999","3605",,,
"1978","1999","3606",,,
"1978","1999","3607",,,
"2002","2006","3608",,,
"1978","2006","3609",,,
"1994","2001","3610",,,
"1978","2001","3611",,,
"1978","1993","3612",,,
"1978","1993","3613",,,
"2010","2019","3614",,,
"1978","2009","3615",,,
"1982","1987","3616",,,
"1978","1996","3617",,,
"1978","1987","3618",,,
"1978","1981","3619",,,
"1978","1981","3620",,,
"1988","1996","3621",,,
"1978","2001","3622",,,
"1978","2001","3623",,,
"1978","2007","3624",,,
"1978","2007","3625",,,
"1978","2004","3626",,,
"1978","2004","3627",,,
"1978","2001","3628",,,
"1978","2001","3629",,,
"1997","2011","3630",,,
"1978","2011","3631",,,
"1978","2011","3632",,,
"1978","1996","3633",,,
"1978","1996","3634",,,
"1978","2019","3635",,,
"2006","2019","3636",,,
"1978","2005","3637",,,
"1989","1992","3638",,,
"1978","1992","3639",,,
"1978","1988","3640",,,
"1978","1988","3641",,,
"1978","1988","3642",,,
"2018","2019","3643",,,
"1978","2017","3644",,,
"1978","1990","3645",,,
"1978","1990","3646",,,
"1978","1999","3647",,,
"1978","1999","3648",,,
"1978","2003","3649",,,
"1978","2003","3650",,,
"1978","1983","3651",,,
"1978","1983","3652",,,
"1985","1991","3653",,,
"1978","1991","3654",,,
"1978","1984","3655",,,
"1978","1984","3656",,,
"1994","2001","3657",,,
"1978","2001","3658",,,
"1978","1993","3659",,,
"1978","1993","3660",,,
"1978","1992","3661",,,
"1978","1992","3662",,,
"1978","1998","3663",,,
"1978","1998","3664",,,
"1978","1989","3665",,,
"1978","1989","3666",,,
"1996","2019","3667",,,
"1978","1995","3668",,,
"1978","2007","3669",,,
"1978","2007","3670",,,
"1978","1997","3671",,,
"1978","1997","3672",,,
"1978","1999","3673",,,
"1978","1999","3674",,,
"1978","2006","3675",,,
"1978","2006","3676",,,
"1978","2008","3677",,,
"1978","2008","3678",,,
"1978","1989","3679",,,
"1978","1989","3680",,,
"1999","2006","3681",,,
"1978","2006","3682",,,
"1978","2006","3683",,,
"1988","1994","3684",,,
"1978","1998","3685",,,
"1978","1994","3686",,,
"1978","1994","3687",,,
"1978","1987","3688",,,
"1978","1987","3689",,,
"1995","1998","3690",,,
"1978","1993","3691",,,
"1978","1993","3692",,,
"1978","2019","3693",,,
"1988","2000","3694",,,
"1978","2000","3695",,,
"1978","1987","3696",,,
"1978","1987","3697",,,
"1978","1999","3698",,,
"1978","1999","3699",,,
"1978","2000","3700",,,
"1978","2000","3701",,,
"1978","2007","3702",,,
"1978","2007","3703",,,
"1978","2002","3704",,,
"1978","2002","3705",,,
"1978","2002","3706",,,
"1978","2002","3707",,,
"1978","1996","3708",,,
"1978","1996","3709",,,
"1978","1987","3710",,,
"1978","1987","3711",,,
"2006","2019","3712",,,
"1978","2013","3713",,,
"1978","2013","3714",,,
"1978","2002","3715",,,
"1978","2002","3716",,,
"1978","1989","3717",,,
"1978","1989","3718",,,
"1978","2012","3719",,,
"1978","2012","3720",,,
"1978","2004","3721",,,
"1978","2004","3722",,,
"1978","2001","3723",,,
"1978","2001","3724",,,
"1978","2009","3725",,,
"2007","2009","3726",,,
"1978","2006","3727",,,
"1978","2006","3728",,,
"1978","1994","3729",,,
"1978","1994","3730",,,
"1995","2019","3731",,,
"1978","2003","3732",,,
"1978","2003","3733",,,
"1996","1998","3734",,,
"1978","1998","3735",,,
"1978","1995","3736",,,
"1978","1995","3737",,,
"2000","2019","3738",,,
"1978","1999","3739",,,
"1993","1995","3740",,,
"1978","1995","3741",,,
"1989","1992","3742",,,
"1978","1992","3743",,,
"1978","1988","3744",,,
"1978","1988","3745",,,
"1978","2004","3746",,,
"1978","2004","3747",,,
"1978","1998","3748",,,
"1978","1998","3749",,,
"1978","2019","3750",,,
"2008","2009","3751",,,
"1978","2009","3752",,,
"1978","2009","3753",,,
"1978","2007","3754",,,
"1996","2007","3755",,,
"1978","2007","3756",,,
"1978","1995","3757",,,
"1978","1995","3758",,,
"1978","2001","3759",,,
"1978","2001","3760",,,
"1978","2003","3761",,,
"1978","2003","3762",,,
"1978","2009","3763",,,
"1978","2009","3764",,,
"1978","1988","3765",,,
"1978","1988","3766",,,
"2000","2019","3767",,,
"1978","2016","3768",,,
"1978","2016","3769",,,
"1989","2002","3770",,,
"1978","2002","3771",,,
"1978","1988","3772",,,
"1978","1988","3773",,,
"1978","1990","3774",,,
"1978","1990","3775",,,
"1978","2001","3776",,,
"1978","2001","3777",,,
"1978","2006","3778",,,
"1978","2006","3779",,,
"1978","2006","3780",,,
"1978","1994","3781",,,
"1978","1994","3782",,,
"1978","1994","3783",,,
"1978","1994","3784",,,
"1998","2019","3785",,,
"1978","1997","3786",,,
"1998","2019","3787",,,
"1978","1997","3788",,,
"1978","2019","3789",,,
"1978","1993","3790",,,
"1978","1993","3791",,,
"2008","2019","3792",,,
"2002","2009","3793",,,
"1978","2009","3794",,,
"1978","2001","3795",,,
"1978","2001","3796",,,
"1978","2011","3797",,,
"1978","2011","3798",,,
"1978","1998","3799",,,
"1978","1998","3800",,,
"2005","2012","3801",,,
"2013","2019","3802",,,
"2002","2019","3803",,,
"2001","2011","3804",,,
"1978","2011","3805",,,
"1998","2000","3806",,,
"1978","2000","3807",,,
"1995","1997","3808",,,
"1978","1997","3809",,,
"1990","1994","3810",,,
"1978","1994","3811",,,
"1978","1994","3812",,,
"1978","1994","3813",,,
"1978","1989","3814",,,
"1978","1989","3815",,,
"1978","2005","3816",,,
"2004","2019","3817",,,
"1995","2003","3818",,,
"1978","2003","3819",,,
"1978","2003","3820",,,
"1978","1994","3821",,,
"1978","1994","3822",,,
"1978","2006","3823",,,
"1978","2006","3824",,,
"1978","2000","3825",,,
"1978","2000","3826",,,
"1978","1999","3827",,,
"1978","2003","3828",,,
"1978","1999","3829",,,
"2000","2003","3830",,,
"1978","1995","3831",,,
"1978","1995","3832",,,
"2006","2016","3833",,,
"1978","2016","3834",,,
"1978","2005","3835",,,
"1997","2005","3836",,,
"1978","1996","3837",,,
"1978","1996","3838",,,
"1978","1996","3839",,,
"1978","2003","3840",,,
"1978","2003","3841",,,
"1978","1999","3842",,,
"1978","1999","3843",,,
"1978","2007","3844",,,
"1978","2007","3845",,,
"1978","2006","3846",,,
"1978","2006","3847",,,
"1997","2010","3848",,,
"1978","2010","3849",,,
"1994","1996","3850",,,
"1978","1996","3851",,,
"1978","1993","3852",,,
"1978","1993","3853",,,
"1978","1992","3854",,,
"1978","1992","3855",,,
"1978","2008","3856",,,
"1978","2008","3857",,,
"1978","2008","3858",,,
"1989","2012","3859",,,
"1978","2012","3860",,,
"1978","1988","3861",,,
"1978","1988","3862",,,
"1978","1994","3863",,,
"1978","1994","3864",,,
"1999","2002","3865",,,
"1978","2002","3866",,,
"1978","2002","3867",,,
"1978","1998","3868",,,
"1978","1998","3869",,,
"1978","1993","3870",,,
"1978","1993","3871",,,
"1978","1996","3872",,,
"1978","1996","3873",,,
"1978","2000","3874",,,
"1978","2000","3875",,,
"1978","1998","3876",,,
"1978","2004","3877",,,
"1978","1998","3878",,,
"1999","2004","3879",,,
"1978","1991","3880",,,
"1978","1991","3881",,,
"1978","1998","3882",,,
"1978","1998","3883",,,
"1978","2000","3884",,,
"1978","2000","3885",,,
"1978","2000","3886",,,
"1978","2000","3887",,,
"1978","1985","3888",,,
"1978","1985","3889",,,
"1997","2019","3890",,,
"1978","1996","3891",,,
"1978","1989","3892",,,
"1978","1989","3893",,,
"1978","2002","3894",,,
"1978","2002","3895",,,
"1978","2000","3896",,,
"1978","2000","3897",,,
"1978","2005","3898",,,
"2001","2005","3899",,,
"2004","2019","3900",,,
"1978","1997","3901",,,
"1978","1997","3902",,,
"1978","2004","3903",,,
"1978","2004","3904",,,
"1978","1980","3905",,,
"1981","1985","3906",,,
"1978","1985","3907",,,
"1978","1989","3908",,,
"1978","2001","3909",,,
"1986","1989","3910",,,
"1990","2001","3911",,,
"1978","1980","3912",,,
"1978","1992","3913",,,
"1978","1992","3914",,,
"1978","1994","3915",,,
"1978","1994","3916",,,
"1978","2013","3917",,,
"1978","2013","3918",,,
"1978","2000","3919",,,
"1978","2000","3920",,,
"1978","2000","3921",,,
"1978","2000","3922",,,
"1978","2009","3923",,,
"1978","2009","3924",,,
"1978","2001","3925",,,
"1978","2001","3926",,,
"1978","2009","3927",,,
"1978","2009","3928",,,
"1982","1988","3929",,,
"1982","1988","3930",,,
"1989","2019","3931",,,
"2011","2019","3932",,,
"1978","1992","3933",,,
"1978","1992","3934",,,
"1978","2019","3935",,,
"1978","2019","3936",,,
"1978","2019","3937",,,
"1978","2019","3938",,,
"1978","1987","3939",,,
"1978","1987","3940",,,
"1978","1987","3941",,,
"1978","1987","3942",,,
"1978","1993","3943",,,
"1978","1993","3944",,,
"1978","1990","3945",,,
"1978","1990","3946",,,
"1991","1993","3947",,,
"1978","1993","3948",,,
"1978","1993","3949",,,
"1978","1985","3950",,,
"1978","1985","3951",,,
"1978","1985","3952",,,
"1978","1985","3953",,,
"1978","2001","3954",,,
"1978","2001","3955",,,
"1978","1996","3956",,,
"1978","1996","3957",,,
"1996","1997","3958",,,
"1978","1997","3959",,,
"1978","1995","3960",,,
"1978","1995","3961",,,
"1978","1996","3962",,,
"1978","1996","3963",,,
"1978","1984","3964",,,
"1978","1984","3965",,,
"1978","1999","3966",,,
"1978","1999","3967",,,
"1978","1993","3968",,,
"1978","1993","3969",,,
"1978","1988","3970",,,
"1978","1988","3971",,,
"1978","1996","3972",,,
"1978","1996","3973",,,
"1978","1986","3974",,,
"1978","1986","3975",,,
"1978","1994","3976",,,
"1978","1994","3977",,,
"1978","1989","3978",,,
"1978","1989","3979",,,
"1978","1988","3980",,,
"1978","1988","3981",,,
"1978","1989","3982",,,
"1978","1989","3983",,,
"1978","2000","3984",,,
"1978","2000","3985",,,
"1978","2009","3986",,,
"1978","2009","3987",,,
"1978","1988","3988",,,
"1978","1988","3989",,,
"1978","1994","3990",,,
"1978","1994","3991",,,
"1978","1987","3992",,,
"1978","1987","3993",,,
"1978","1992","3994",,,
"1978","1992","3995",,,
"1978","1985","3996",,,
"1978","1985","3997",,,
"1978","1987","3998",,,
"1978","1987","3999",,,
"1978","1998","4000",,,
"1978","1998","4001",,,
"1978","1980","4002",,,
"1978","1980","4003",,,
"1978","2007","4004",,,
"1981","2007","4005",,,
"1978","1984","4006",,,
"1978","1984","4007",,,
"1978","1985","4008",,,
"1978","1985","4009",,,
"1978","1992","4010",,,
"1978","1992","4011",,,
"1978","1989","4012",,,
"1978","1989","4013",,,
"1978","1988","4014",,,
"1978","1988","4015",,,
"1978","1994","4016",,,
"1978","1994","4017",,,
"1978","1987","4018",,,
"1978","1987","4019",,,
"1978","1993","4020",,,
"1978","1993","4021",,,
"1978","1999","4022","5438","21","35314390"
"1978","1999","4023",,,
"1978","1988","4024",,,
"1978","1988","4025",,,
"1978","1993","4026",,,
"1978","1993","4027",,,
"1978","1989","4028",,,
"1978","2010","4029",,,
"1978","1989","4030",,,
"1990","2010","4031",,,
"1978","2005","4032",,,
"1978","1996","4033",,,
"1978","1986","4034",,,
"1978","1986","4035",,,
"1978","1999","4036",,,
"1978","2003","4037",,,
"1978","1999","4038",,,
"2000","2003","4039",,,
"1978","1997","4040",,,
"1978","1997","4041",,,
"1978","2000","4042",,,
"1998","2000","4043",,,
"1978","1991","4044","5437","20","182281273"
"1978","1991","4045","5437","20","182281273"
"1978","1989","4046","5424","15","73554177"
"1978","1989","4047","5418","10","158063956"
"1978","2000","4048",,,
"1978","2000","4049",,,
"1993","1994","4050","5409","3","139138109"
"1978","1994","4051","5452","28","24089212"
"1978","1985","4052","5423","14","298465233"
"1978","1985","4053","5423","14","298465233"
"1978","1983","4054",,,
"1978","1983","4055",,,
"1978","1992","4056",,,
"1987","1992","4057",,,
"1984","1986","4058",,,
"1996","1999","4059",,,
"1978","1999","4060",,,
"1995","2009","4061",,,
"1978","2009","4062",,,
"1978","2012","4063",,,
"1978","2012","4064",,,
"1978","1988","4065",,,
"1978","1988","4066",,,
"1978","1997","4067",,,
"1978","2011","4068",,,
"1978","2011","4069",,,
"1978","1998","4070",,,
"1978","1998","4071",,,
"1978","2000","4072",,,
"1978","1991","4073",,,
"1990","1991","4074",,,
"1978","1993","4075",,,
"1978","1993","4076",,,
"1978","2010","4077",,,
"1978","2010","4078",,,
"1978","2019","4079",,,
"1978","2011","4080",,,
"1998","2011","4081",,,
"1978","1993","4082","5417","9","44843906"
"1994","2019","4083","5418","10","158063956"
"1978","2006","4084","5418","10","158063956"
"1978","2006","4085","5418","10","158063956"
"1978","1994","4086","5418","10","158063956"
"1978","1994","4087","5418","10","158063956"
"1978","2005","4088",,,
"2006","2019","4089",,,
"1978","1999","4090",,,
"1978","1999","4091",,,
"1978","1997","4092",,,
"2000","2005","4093",,,
"1978","2005","4094",,,
"1978","2005","4095",,,
"1978","2005","4096",,,
"1978","2005","4097",,,
"1978","2006","4098",,,
"1978","2006","4099",,,
"1978","1999","4100",,,
"1978","1999","4101",,,
"2000","2010","4102",,,
"2011","2019","4103",,,
"2004","2009","4104",,,
"1999","2003","4105",,,
"1978","2003","4106",,,
"1978","1998","4107",,,
"1978","1998","4108",,,
"2002","2019","4109",,,
"1978","1993","4110",,,
"1978","1993","4111",,,
"1978","1990","4112",,,
"1978","1990","4113",,,
"1992","2000","4114",,,
"1978","2000","4115",,,
"2008","2016","4116","5437","20","182281273"
"1978","2016","4117",,,
"1995","2007","4118","5437","20","182281273"
"1978","2007","4119",,,
"1978","1994","4120","5437","20","182281273"
"1978","1994","4121",,,
"1978","1984","4122",,,
"1978","1984","4123",,,
"1978","1987","4124",,,
"1978","1987","4125",,,
"1997","2005","4126",,,
"1978","1996","4127",,,
"1978","1996","4128",,,
"1978","1996","4129",,,
"2013","2019","4130",,,
"1978","2012","4131",,,
"1978","2007","4132","5416","8","32924404"
"1978","2007","4133","5415","7","135203687"
"1978","2019","4134",,,
"1978","2006","4135",,,
"2007","2019","4136","5417","9","44843906"
"1978","2006","4137","5415","7","135203687"
"1978","2009","4138","5453","29","31932675"
"1978","2009","4139","5454","30","48630775"
"1978","1988","4140","5413","6","49661506"
"1978","1988","4141","5423","14","298465233"
"1978","2001","4142",,,
"1978","2005","4143",,,
"2002","2005","4144",,,
"2006","2019","4145",,,
"1978","2006","4146",,,
"1996","2006","4147",,,
"1978","1995","4148",,,
"1978","1995","4149",,,
"1978","1984","4150",,,
"1978","1984","4151",,,
"1978","2003","4152",,,
"1978","2003","4153",,,
"2005","2009","4154",,,
"1978","2009","4155",,,
"1987","2004","4156",,,
"1978","2004","4157",,,
"1978","1986","4158",,,
"1978","1986","4159",,,
"1978","2002","4160",,,
"1978","2002","4161",,,
"1978","1987","4162",,,
"1978","1987","4163",,,
"1978","1996","4164",,,
"1997","2019","4165",,,
"1978","1989","4166",,,
"1978","1989","4167",,,
"2006","2010","4168",,,
"1978","2010","4169",,,
"1978","2005","4170",,,
"1978","2005","4171",,,
"1978","2012","4172","5448","24","33829698"
"1978","2012","4173","5448","24","33829698"
"1978","2012","4174","5448","24","33829698"
"1978","1992","4175","5409","3","139138109"
"1978","1992","4176","5409","3","139138109"
"1978","1996","4177","5423","14","298465233"
"1978","1996","4178","5423","14","298465233"
"1978","1993","4179",,,
"1978","2019","4180",,,
"1978","1987","4181",,,
"1978","1987","4182",,,
"2001","2019","4183",,,
"1978","2019","4184",,,
"1978","1992","4185",,,
"1978","2019","4186",,,
"1988","2000","4187",,,
"1978","2000","4188",,,
"1978","1987","4189",,,
"1978","1987","4190",,,
"1978","1987","4191",,,
"1978","1987","4192",,,
"2017","2019","4193",,,
"1978","2002","4194",,,
"1978","2002","4195",,,
"1978","2000","4196",,,
"2001","2008","4197",,,
"1978","2008","4198",,,
"1978","1991","4199",,,
"1978","1991","4200",,,
"2013","2019","4201",,,
"1978","2019","4202",,,
"1978","2010","4203",,,
"1978","2010","4204",,,
"2017","2019","4205",,,
"2003","2019","4206",,,
"1978","2002","4207",,,
"1978","2008","4208",,,
"1978","2008","4209",,,
"1978","2006","4210",,,
"1978","2006","4211",,,
"1999","2000","4212",,,
"1978","2000","4213",,,
"1978","1998","4214",,,
"1978","1998","4215",,,
"1978","2004","4216",,,
"1978","2004","4217",,,
"1999","2003","4218",,,
"1978","2003","4219",,,
"1978","1998","4220",,,
"1995","1998","4221",,,
"1978","1994","4222",,,
"1978","1994","4223",,,
"1978","1999","4224",,,
"1978","1999","4225",,,
"1978","1999","4226",,,
"1978","1999","4227",,,
"1978","1982","4228",,,
"1978","1982","4229",,,
"1978","1982","4230",,,
"1978","1982","4231",,,
"1978","2000","4232",,,
"1978","2000","4233",,,
"1978","1992","4234",,,
"1978","1992","4235",,,
"2001","2019","4236",,,
"1978","2019","4237","5449","25","192314064"
"2004","2006","4238","5449","25","192314064"
"1978","2006","4239","5449","25","192314064"
"2003","2003","4240","5449","25","192314064"
"1978","2003","4241","5437","20","182281273"
"1978","2002","4242","5447","23","40053906"
"1978","2002","4243","5449","25","192314064"
"2008","2016","4244","5437","20","182281273"
"1978","2016","4245","5437","20","182281273"
"2004","2007","4246","5437","20","182281273"
"1978","2007","4247","5437","20","182281273"
"1978","2003","4248","5437","20","182281273"
"1978","2003","4249","5437","20","182281273"
"1997","2009","4250","5437","20","182281273"
"1978","2009","4251","5437","20","182281273"
"1978","1996","4252","5437","20","182281273"
"1978","1996","4253","5455","31","21616136"
"2003","2019","4254",,,
"1978","2019","4255",,,
"1978","2002","4256",,,
"1978","2002","4257",,,
"1978","1990","4258",,,
"1978","1990","4259",,,
"1978","1994","4260",,,
"1978","1994","4261",,,
"1978","1995","4262",,,
"1978","1995","4263",,,
"1978","2005","4264","5449","25","192314064"
"1978","2005","4265","5449","25","192314064"
"1978","2019","4266","5449","25","192314064"
"1978","1994","4267","5449","25","192314064"
"1978","2016","4268","5449","25","192314064"
"1978","1994","4269","5449","25","192314064"
"1995","2016","4270","5449","25","192314064"
"1978","2004","4271",,,
"2002","2004","4272",,,
"1978","2004","4273",,,
"1978","2001","4274",,,
"2005","2019","4275",,,
"1978","2019","4276",,,
"1978","2019","4277",,,
"1978","2002","4278",,,
"1978","2002","4279",,,
"1989","2007","4280",,,
"1978","2007","4281",,,
"1978","1988","4282",,,
"1978","1988","4283",,,
"1978","1988","4284",,,
"1996","2002","4285",,,
"1978","2002","4286",,,
"1993","1995","4287",,,
"1978","1995","4288",,,
"1978","1992","4289",,,
"1978","1992","4290",,,
"1988","1990","4291",,,
"1978","1990","4292",,,
"1978","2019","4293",,,
"1996","2019","4294",,,
"1978","1995","4295",,,
"1978","1995","4296",,,
"1978","1991","4297",,,
"1978","1991","4298",,,
"1978","2001","4299",,,
"1978","2001","4300",,,
"1978","1983","4301",,,
"1978","1983","4302",,,
"1978","1983","4303",,,
"1995","2019","4304",,,
"1978","1994","4305",,,
"2005","2009","4306",,,
"1978","2009","4307",,,
"2001","2004","4308",,,
"1978","2004","4309",,,
"1995","2000","4310",,,
"1978","2000","4311",,,
"1978","1994","4312",,,
"1978","2000","4313",,,
"1978","2000","4314",,,
"1987","1994","4315",,,
"1978","1994","4316",,,
"1978","1986","4317",,,
"1978","1986","4318",,,
"1978","1986","4319",,,
"1978","1987","4320",,,
"1978","2002","4321",,,
"1978","2002","4322",,,
"1978","1995","4323",,,
"1978","1995","4324",,,
"1978","1982","4325",,,
"1978","2001","4326",,,
"1978","1982","4327",,,
"2002","2019","4328",,,
"2000","2007","4329",,,
"1978","2007","4330",,,
"1978","1999","4331",,,
"1978","1999","4332",,,
"1978","1984","4333",,,
"1978","1984","4334",,,
"1978","1982","4335",,,
"1978","1982","4336",,,
"1978","1985","4337",,,
"1978","1986","4338",,,
"1978","1986","4339",,,
"1978","2019","4340",,,
"1993","2019","4341",,,
"1978","1992","4342",,,
"1978","1992","4343",,,
"1987","1992","4344",,,
"1978","2010","4345",,,
"1978","2010","4346",,,
"1978","2010","4347",,,
"2006","2019","4348","5437","20","182281273"
"1978","2009","4349","5449","25","192314064"
"1978","2009","4350","5449","25","192314064"
"1978","2007","4351","5450","26","45222705"
"1978","2007","4352","5424","15","73554177"
"1978","2006","4353",,,
"1978","2006","4354",,,
"1978","1988","4355",,,
"1978","1994","4356",,,
"1978","1994","4357",,,
"1978","1994","4358",,,
"1978","1994","4359",,,
"1987","1997","4360",,,
"1978","1997","4361",,,
"1978","1986","4362",,,
"1978","1986","4363",,,
"1998","2006","4364",,,
"1978","2006","4365",,,
"1994","1997","4366",,,
"1978","1997","4367",,,
"1978","1997","4368",,,
"1978","1997","4369",,,
"1991","1993","4370",,,
"1978","1993","4371",,,
"1989","1990","4372",,,
"1978","1990","4373",,,
"1988","1988","4374",,,
"1978","1988","4375",,,
"1978","1988","4376",,,
"1978","1988","4377",,,
"1987","1987","4378",,,
"1978","1987","4379",,,
"1985","1986","4380",,,
"1978","1986","4381",,,
"1978","1986","4382",,,
"1978","1984","4383",,,
"1978","1984","4384",,,
"1978","1984","4385",,,
"1992","2006","4386",,,
"1978","2006","4387",,,
"1978","1991","4388",,,
"1978","1991","4389",,,
"1996","2015","4390",,,
"1978","2015","4391",,,
"1978","1995","4392",,,
"1978","1995","4393",,,
"1978","1995","4394",,,
"1978","1995","4395",,,
"1978","1996","4396",,,
"1978","1996","4397",,,
"1978","1992","4398",,,
"1978","1992","4399",,,
"1997","2012","4400",,,
"1978","2012","4401",,,
"1978","1996","4402",,,
"1978","1996","4403",,,
"1978","2008","4404","5454","30","48630775"
"1978","2008","4405","5447","23","40053906"
"1978","1993","4406","5454","30","48630775"
"1978","1993","4407","5454","30","48630775"
"2008","2010","4408",,,
"1978","2010","4409",,,
"1978","2007","4410",,,
"1978","2007","4411",,,
"2006","2007","4412",,,
"1978","2007","4413",,,
"2000","2005","4414",,,
"1978","2005","4415",,,
"1996","1999","4416",,,
"1978","1995","4417",,,
"1978","1995","4418",,,
"1978","1999","4419",,,
"2002","2007","4420","5438","21","35314390"
"1978","2007","4421","5438","21","35314390"
"1991","2001","4422","5438","21","35314390"
"1978","2001","4423",,,
"1978","1990","4424","5438","21","35314390"
"1978","1990","4425",,,
"1978","2010","4426",,,
"1993","2009","4427",,,
"1978","2009","4428",,,
"1978","1992","4429",,,
"1978","1992","4430",,,
"2009","2014","4431",,,
"1978","2014","4432",,,
"1999","2008","4433",,,
"1978","2008","4434",,,
"1992","1998","4435",,,
"1978","1998","4436",,,
"1978","1991","4437",,,
"1978","1991","4438",,,
"1978","1999","4439",,,
"1978","1999","4440",,,
"1978","2004","4441",,,
"1978","2004","4442",,,
"1993","2006","4443",,,
"1978","2006","4444",,,
"2010","2016","4445",,,
"1978","2016","4446",,,
"1978","1994","4447",,,
"1978","1994","4448",,,
"1978","1994","4449",,,
"1978","1987","4450",,,
"1978","1987","4451",,,
"1978","1991","4452",,,
"1978","1991","4453",,,
"1978","2010","4454",,,
"1978","2010","4455",,,
"1978","2010","4456",,,
"1978","2019","4457",,,
"1978","1986","4458",,,
"1978","1986","4459",,,
"1978","2005","4460",,,
"1978","1988","4461",,,
"1978","1988","4462",,,
"1989","2005","4463",,,
"1978","2012","4464",,,
"1978","2012","4465",,,
"1978","2001","4466",,,
"1978","2001","4467",,,
"1978","2019","4468",,,
"1978","2004","4469",,,
"1978","2004","4470",,,
"1978","2019","4471",,,
"1978","1992","4472",,,
"1978","1992","4473",,,
"1991","2019","4474",,,
"1978","1990","4475",,,
"1978","1990","4476",,,
"2006","2008","4477",,,
"1978","2008","4478",,,
"1990","2005","4479",,,
"1978","2005","4480",,,
"1978","1989","4481",,,
"1978","1989","4482",,,
"1993","2008","4483",,,
"1978","2008","4484",,,
"1987","1992","4485",,,
"1978","1992","4486",,,
"1978","1986","4487",,,
"1978","1986","4488",,,
"1992","2019","4489",,,
"1978","1991","4490",,,
"1978","2002","4491",,,
"1978","2002","4492",,,
"1978","1995","4493",,,
"1978","1995","4494",,,
"1978","2019","4495",,,
"1978","2019","4496",,,
"1978","2004","4497",,,
"1978","2004","4498",,,
"1978","1988","4499",,,
"1978","1988","4500",,,
"1993","2000","4501",,,
"1978","2000","4502",,,
"1978","2019","4503",,,
"1993","2017","4504",,,
"1978","2017","4505",,,
"1978","1992","4506",,,
"1978","1992","4507",,,
"1978","1992","4508",,,
"1978","1992","4509",,,
"1978","2002","4510",,,
"1978","2002","4511",,,
"2002","2005","4512",,,
"1978","2005","4513",,,
"1978","2005","4514",,,
"1993","2001","4515",,,
"1978","2001","4516",,,
"1978","1992","4517",,,
"1978","1992","4518",,,
"1978","1992","4519",,,
"1978","1992","4520",,,
"1989","2001","4521",,,
"1978","2001","4522",,,
"1978","1988","4523",,,
"1978","1988","4524",,,
"1995","2002","4525",,,
"1978","2002","4526",,,
"1978","1994","4527",,,
"1978","1994","4528",,,
"1978","2019","4529",,,
"1998","2006","4530",,,
"1978","2006","4531",,,
"1995","1997","4532",,,
"1978","1997","4533",,,
"1978","1994","4534",,,
"1978","1994","4535",,,
"1978","1998","4536",,,
"2000","2006","4537",,,
"1978","2006","4538",,,
"1998","1999","4539",,,
"1978","1999","4540",,,
"1986","1997","4541",,,
"1978","1997","4542",,,
"1978","1997","4543",,,
"1978","1986","4544",,,
"1978","1986","4545",,,
"1978","2003","4546",,,
"1978","2003","4547",,,
"2002","2005","4548",,,
"1995","2005","4549",,,
"1978","2016","4550",,,
"2017","2019","4551",,,
"1992","2001","4552",,,
"1978","2001","4553",,,
"1988","1991","4554",,,
"1978","1991","4555",,,
"1978","1987","4556",,,
"1978","1987","4557",,,
"1989","1994","4558",,,
"1978","1994","4559",,,
"1978","1988","4560",,,
"1978","1988","4561",,,
"2010","2019","4562",,,
"1978","1993","4563",,,
"1978","1993","4564",,,
"1978","1983","4565",,,
"1978","1983","4566",,,
"1978","1997","4567",,,
"1978","2000","4568",,,
"1984","2004","4569",,,
"1978","2004","4570",,,
"1978","1983","4571",,,
"1978","1983","4572",,,
"2014","2019","4573",,,
"1978","1986","4574",,,
"1978","1986","4575",,,
"1978","1993","4576",,,
"1978","1993","4577",,,
"1994","1995","4578",,,
"1978","1997","4579",,,
"1978","1997","4580",,,
"2002","2005","4581",,,
"1978","2005","4582",,,
"1978","2001","4583",,,
"1978","2001","4584",,,
"1978","1983","4585",,,
"1978","1983","4586",,,
"1978","2019","4587",,,
"2002","2010","4588",,,
"1995","2001","4589",,,
"1978","2001","4590",,,
"1992","1994","4591",,,
"1978","1994","4592",,,
"1978","1991","4593",,,
"1978","1991","4594",,,
"2007","2019","4595",,,
"1994","2001","4596",,,
"1978","2001","4597",,,
"1987","1993","4598",,,
"1978","1993","4599",,,
"1978","1993","4600",,,
"1978","2009","4601",,,
"1978","2009","4602",,,
"2002","2019","4603",,,
"2000","2001","4604",,,
"1978","2001","4605",,,
"1978","1999","4606",,,
"1978","1999","4607",,,
"1978","2003","4608",,,
"2015","2019","4609",,,
"1984","2003","4610",,,
"2004","2019","4611",,,
"1978","2003","4612",,,
"1978","2003","4613",,,
"1978","1998","4614",,,
"1978","1998","4615",,,
"2011","2019","4616",,,
"1997","2003","4617",,,
"1978","2003","4618",,,
"1978","1996","4619",,,
"1978","1996","4620",,,
"2015","2019","4621",,,
"2004","2019","4622",,,
"2005","2019","4623",,,
"2004","2019","4624",,,
"2004","2019","4625",,,
"2004","2019","4626",,,
"2008","2019","4627",,,
"2004","2019","4628",,,
"1985","2019","4629",,,
"2001","2019","4630",,,
"2014","2019","4631",,,
"1978","2009","4632",,,
"1978","2009","4633",,,
"2000","2019","4634",,,
"1978","2019","4635",,,
"2005","2019","4636",,,
"1978","2019","4637",,,
"2000","2019","4638",,,
"1992","2019","4639",,,
"2008","2019","4640",,,
"1996","2019","4641",,,
"1991","2019","4642",,,
"1978","1991","4643",,,
"1978","1991","4644",,,
"1978","2007","4645",,,
"1978","2007","4646",,,
"1991","1995","4647",,,
"1978","1995","4648",,,
"1978","1990","4649",,,
"1978","1990","4650",,,
"1978","1999","4651",,,
"1991","1999","4652",,,
"1978","1999","4653",,,
"1978","1990","4654",,,
"1978","1990","4655",,,
"1978","1990","4656",,,
"1978","1990","4657",,,
"1978","1990","4658",,,
"2015","2016","4659","5449","25","192314064"
"1978","2007","4660","5450","26","45222705"
"1998","2014","4661","5449","25","192314064"
"2017","2019","4662","5449","25","192314064"
"1978","2006","4663","2994","1","25456918"
"1978","2006","4664","2994","1","25456918"
"1991","1997","4665","5449","25","192314064"
"1978","1997","4666","5449","25","192314064"
"1989","1990","4667","5449","25","192314064"
"1978","1990","4668","5449","25","192314064"
"1978","1990","4669","5449","25","192314064"
"1978","1988","4670","5449","25","192314064"
"1978","1988","4671","5449","25","192314064"
"1978","1995","4672","5456","32","37937710"
"1978","1995","4673",,,
"2001","2019","4674","5420","12","140093855"
"1978","2000","4675","5420","12","140093855"
"2017","2019","4676","5418","10","158063956"
"2014","2016","4677","5418","10","158063956"
"2003","2019","4678","5456","32","37937710"
"2013","2019","4679","5430","18","53894839"
"2009","2019","4680","5428","17","28889961"
"1978","2019","4681","5431","19","74234756"
"1978","2019","4682","5430","18","53894839"
"1978","2019","4683","5451","27","95618508"
"1978","2019","4684","5431","19","74234756"
"1978","2019","4685","5431","19","74234756"
"1978","2019","4686","5431","19","74234756"
"1978","2019","4687","5431","19","74234756"
"1978","2019","4688","5431","19","74234756"
"1978","2019","4689","5431","19","74234756"
"1978","2019","4690","5431","19","74234756"
"1978","2016","4691",,,
"1978","1986","4692",,,
"1978","2019","4693",,,
